# Blender 5.2.2 LTS
# www.blender.org
o Torus
v 0.500000 0.000000 0.000000
v 0.492388 0.038268 0.000000
v 0.470711 0.070711 0.000000
v 0.438268 0.092388 0.000000
v 0.400000 0.100000 0.000000
v 0.361732 0.092388 0.000000
v 0.329289 0.070711 0.000000
v 0.307612 0.038268 0.000000
v 0.300000 0.000000 0.000000
v 0.307612 -0.038268 0.000000
v 0.329289 -0.070711 0.000000
v 0.361732 -0.092388 0.000000
v 0.400000 -0.100000 0.000000
v 0.438268 -0.092388 0.000000
v 0.470711 -0.070711 0.000000
v 0.492388 -0.038268 0.000000
v 0.495722 0.000000 -0.065263
v 0.488176 0.038268 -0.064270
v 0.466684 0.070711 -0.061440
v 0.434519 0.092388 -0.057205
v 0.396578 0.100000 -0.052210
v 0.358637 0.092388 -0.047215
v 0.326472 0.070711 -0.042981
v 0.304980 0.038268 -0.040151
v 0.297433 0.000000 -0.039158
v 0.304980 -0.038268 -0.040151
v 0.326472 -0.070711 -0.042981
v 0.358637 -0.092388 -0.047215
v 0.396578 -0.100000 -0.052210
v 0.434519 -0.092388 -0.057205
v 0.466684 -0.070711 -0.061440
v 0.488176 -0.038268 -0.064270
v 0.482963 0.000000 -0.129409
v 0.475610 0.038268 -0.127439
v 0.454672 0.070711 -0.121829
v 0.423335 0.092388 -0.113432
v 0.386370 0.100000 -0.103528
v 0.349406 0.092388 -0.093623
v 0.318069 0.070711 -0.085226
v 0.297130 0.038268 -0.079616
v 0.289778 0.000000 -0.077646
v 0.297130 -0.038268 -0.079616
v 0.318069 -0.070711 -0.085226
v 0.349406 -0.092388 -0.093623
v 0.386370 -0.100000 -0.103528
v 0.423335 -0.092388 -0.113432
v 0.454672 -0.070711 -0.121829
v 0.475610 -0.038268 -0.127439
v 0.461940 0.000000 -0.191342
v 0.454907 0.038268 -0.188429
v 0.434880 0.070711 -0.180133
v 0.404907 0.092388 -0.167718
v 0.369552 0.100000 -0.153073
v 0.334196 0.092388 -0.138429
v 0.304224 0.070711 -0.126014
v 0.284196 0.038268 -0.117718
v 0.277164 0.000000 -0.114805
v 0.284196 -0.038268 -0.117718
v 0.304224 -0.070711 -0.126014
v 0.334196 -0.092388 -0.138429
v 0.369552 -0.100000 -0.153073
v 0.404907 -0.092388 -0.167718
v 0.434880 -0.070711 -0.180133
v 0.454907 -0.038268 -0.188429
v 0.433013 0.000000 -0.250000
v 0.426420 0.038268 -0.246194
v 0.407647 0.070711 -0.235355
v 0.379552 0.092388 -0.219134
v 0.346410 0.100000 -0.200000
v 0.313269 0.092388 -0.180866
v 0.285173 0.070711 -0.164645
v 0.266400 0.038268 -0.153806
v 0.259808 0.000000 -0.150000
v 0.266400 -0.038268 -0.153806
v 0.285173 -0.070711 -0.164645
v 0.313269 -0.092388 -0.180866
v 0.346410 -0.100000 -0.200000
v 0.379552 -0.092388 -0.219134
v 0.407647 -0.070711 -0.235355
v 0.426420 -0.038268 -0.246194
v 0.396677 0.000000 -0.304381
v 0.390638 0.038268 -0.299747
v 0.373440 0.070711 -0.286550
v 0.347702 0.092388 -0.266801
v 0.317341 0.100000 -0.243505
v 0.286981 0.092388 -0.220208
v 0.261243 0.070711 -0.200459
v 0.244045 0.038268 -0.187262
v 0.238006 0.000000 -0.182628
v 0.244045 -0.038268 -0.187262
v 0.261243 -0.070711 -0.200459
v 0.286981 -0.092388 -0.220208
v 0.317341 -0.100000 -0.243505
v 0.347702 -0.092388 -0.266801
v 0.373440 -0.070711 -0.286550
v 0.390638 -0.038268 -0.299747
v 0.353553 0.000000 -0.353553
v 0.348171 0.038268 -0.348171
v 0.332843 0.070711 -0.332843
v 0.309902 0.092388 -0.309903
v 0.282843 0.100000 -0.282843
v 0.255783 0.092388 -0.255783
v 0.232843 0.070711 -0.232843
v 0.217515 0.038268 -0.217515
v 0.212132 0.000000 -0.212132
v 0.217515 -0.038268 -0.217515
v 0.232843 -0.070711 -0.232843
v 0.255783 -0.092388 -0.255783
v 0.282843 -0.100000 -0.282843
v 0.309902 -0.092388 -0.309903
v 0.332843 -0.070711 -0.332843
v 0.348171 -0.038268 -0.348171
v 0.304381 0.000000 -0.396677
v 0.299747 0.038268 -0.390638
v 0.286551 0.070711 -0.373440
v 0.266801 0.092388 -0.347702
v 0.243505 0.100000 -0.317341
v 0.220208 0.092388 -0.286981
v 0.200459 0.070711 -0.261243
v 0.187262 0.038268 -0.244045
v 0.182628 0.000000 -0.238006
v 0.187262 -0.038268 -0.244045
v 0.200459 -0.070711 -0.261243
v 0.220208 -0.092388 -0.286981
v 0.243505 -0.100000 -0.317341
v 0.266801 -0.092388 -0.347702
v 0.286551 -0.070711 -0.373440
v 0.299747 -0.038268 -0.390638
v 0.250000 0.000000 -0.433013
v 0.246194 0.038268 -0.426421
v 0.235355 0.070711 -0.407647
v 0.219134 0.092388 -0.379552
v 0.200000 0.100000 -0.346410
v 0.180866 0.092388 -0.313269
v 0.164645 0.070711 -0.285173
v 0.153806 0.038268 -0.266400
v 0.150000 0.000000 -0.259808
v 0.153806 -0.038268 -0.266400
v 0.164645 -0.070711 -0.285173
v 0.180866 -0.092388 -0.313269
v 0.200000 -0.100000 -0.346410
v 0.219134 -0.092388 -0.379552
v 0.235355 -0.070711 -0.407647
v 0.246194 -0.038268 -0.426421
v 0.191342 0.000000 -0.461940
v 0.188429 0.038268 -0.454907
v 0.180133 0.070711 -0.434880
v 0.167718 0.092388 -0.404907
v 0.153073 0.100000 -0.369552
v 0.138429 0.092388 -0.334196
v 0.126014 0.070711 -0.304224
v 0.117718 0.038268 -0.284196
v 0.114805 0.000000 -0.277164
v 0.117718 -0.038268 -0.284196
v 0.126014 -0.070711 -0.304224
v 0.138429 -0.092388 -0.334196
v 0.153073 -0.100000 -0.369552
v 0.167718 -0.092388 -0.404907
v 0.180133 -0.070711 -0.434880
v 0.188429 -0.038268 -0.454907
v 0.129410 0.000000 -0.482963
v 0.127439 0.038268 -0.475610
v 0.121829 0.070711 -0.454672
v 0.113432 0.092388 -0.423335
v 0.103528 0.100000 -0.386370
v 0.093623 0.092388 -0.349406
v 0.085226 0.070711 -0.318069
v 0.079616 0.038268 -0.297130
v 0.077646 0.000000 -0.289778
v 0.079616 -0.038268 -0.297130
v 0.085226 -0.070711 -0.318069
v 0.093623 -0.092388 -0.349406
v 0.103528 -0.100000 -0.386370
v 0.113432 -0.092388 -0.423335
v 0.121829 -0.070711 -0.454672
v 0.127439 -0.038268 -0.475610
v 0.065263 0.000000 -0.495722
v 0.064269 0.038268 -0.488176
v 0.061440 0.070711 -0.466684
v 0.057205 0.092388 -0.434519
v 0.052210 0.100000 -0.396578
v 0.047215 0.092388 -0.358637
v 0.042981 0.070711 -0.326472
v 0.040151 0.038268 -0.304980
v 0.039158 0.000000 -0.297433
v 0.040151 -0.038268 -0.304980
v 0.042981 -0.070711 -0.326472
v 0.047215 -0.092388 -0.358637
v 0.052210 -0.100000 -0.396578
v 0.057205 -0.092388 -0.434519
v 0.061440 -0.070711 -0.466684
v 0.064269 -0.038268 -0.488176
v 0.000000 0.000000 -0.500000
v 0.000000 0.038268 -0.492388
v 0.000000 0.070711 -0.470711
v 0.000000 0.092388 -0.438268
v 0.000000 0.100000 -0.400000
v 0.000000 0.092388 -0.361732
v 0.000000 0.070711 -0.329289
v 0.000000 0.038268 -0.307612
v 0.000000 0.000000 -0.300000
v 0.000000 -0.038268 -0.307612
v 0.000000 -0.070711 -0.329289
v 0.000000 -0.092388 -0.361732
v 0.000000 -0.100000 -0.400000
v 0.000000 -0.092388 -0.438268
v 0.000000 -0.070711 -0.470711
v 0.000000 -0.038268 -0.492388
v -0.065263 0.000000 -0.495722
v -0.064270 0.038268 -0.488175
v -0.061440 0.070711 -0.466684
v -0.057206 0.092388 -0.434519
v -0.052211 0.100000 -0.396578
v -0.047216 0.092388 -0.358637
v -0.042981 0.070711 -0.326472
v -0.040151 0.038268 -0.304980
v -0.039158 0.000000 -0.297433
v -0.040151 -0.038268 -0.304980
v -0.042981 -0.070711 -0.326472
v -0.047216 -0.092388 -0.358637
v -0.052211 -0.100000 -0.396578
v -0.057206 -0.092388 -0.434519
v -0.061440 -0.070711 -0.466684
v -0.064270 -0.038268 -0.488175
v -0.129409 0.000000 -0.482963
v -0.127439 0.038268 -0.475610
v -0.121829 0.070711 -0.454672
v -0.113432 0.092388 -0.423335
v -0.103528 0.100000 -0.386370
v -0.093623 0.092388 -0.349406
v -0.085226 0.070711 -0.318069
v -0.079616 0.038268 -0.297130
v -0.077646 0.000000 -0.289778
v -0.079616 -0.038268 -0.297130
v -0.085226 -0.070711 -0.318069
v -0.093623 -0.092388 -0.349406
v -0.103528 -0.100000 -0.386370
v -0.113432 -0.092388 -0.423335
v -0.121829 -0.070711 -0.454672
v -0.127439 -0.038268 -0.475610
v -0.191342 0.000000 -0.461940
v -0.188429 0.038268 -0.454907
v -0.180133 0.070711 -0.434880
v -0.167718 0.092388 -0.404907
v -0.153073 0.100000 -0.369552
v -0.138429 0.092388 -0.334196
v -0.126014 0.070711 -0.304224
v -0.117718 0.038268 -0.284196
v -0.114805 0.000000 -0.277164
v -0.117718 -0.038268 -0.284196
v -0.126014 -0.070711 -0.304224
v -0.138429 -0.092388 -0.334196
v -0.153073 -0.100000 -0.369552
v -0.167718 -0.092388 -0.404907
v -0.180133 -0.070711 -0.434880
v -0.188429 -0.038268 -0.454907
v -0.250000 0.000000 -0.433013
v -0.246194 0.038268 -0.426421
v -0.235355 0.070711 -0.407647
v -0.219134 0.092388 -0.379552
v -0.200000 0.100000 -0.346410
v -0.180866 0.092388 -0.313269
v -0.164645 0.070711 -0.285173
v -0.153806 0.038268 -0.266400
v -0.150000 0.000000 -0.259808
v -0.153806 -0.038268 -0.266400
v -0.164645 -0.070711 -0.285173
v -0.180866 -0.092388 -0.313269
v -0.200000 -0.100000 -0.346410
v -0.219134 -0.092388 -0.379552
v -0.235355 -0.070711 -0.407647
v -0.246194 -0.038268 -0.426421
v -0.304381 0.000000 -0.396677
v -0.299747 0.038268 -0.390638
v -0.286551 0.070711 -0.373440
v -0.266801 0.092388 -0.347702
v -0.243505 0.100000 -0.317341
v -0.220208 0.092388 -0.286981
v -0.200459 0.070711 -0.261243
v -0.187262 0.038268 -0.244045
v -0.182628 0.000000 -0.238006
v -0.187262 -0.038268 -0.244045
v -0.200459 -0.070711 -0.261243
v -0.220208 -0.092388 -0.286981
v -0.243505 -0.100000 -0.317341
v -0.266801 -0.092388 -0.347702
v -0.286551 -0.070711 -0.373440
v -0.299747 -0.038268 -0.390638
v -0.353553 0.000000 -0.353553
v -0.348171 0.038268 -0.348171
v -0.332843 0.070711 -0.332843
v -0.309903 0.092388 -0.309902
v -0.282843 0.100000 -0.282843
v -0.255783 0.092388 -0.255783
v -0.232843 0.070711 -0.232843
v -0.217515 0.038268 -0.217515
v -0.212132 0.000000 -0.212132
v -0.217515 -0.038268 -0.217515
v -0.232843 -0.070711 -0.232843
v -0.255783 -0.092388 -0.255783
v -0.282843 -0.100000 -0.282843
v -0.309903 -0.092388 -0.309902
v -0.332843 -0.070711 -0.332843
v -0.348171 -0.038268 -0.348171
v -0.396677 0.000000 -0.304381
v -0.390638 0.038268 -0.299747
v -0.373440 0.070711 -0.286551
v -0.347702 0.092388 -0.266801
v -0.317341 0.100000 -0.243505
v -0.286981 0.092388 -0.220208
v -0.261243 0.070711 -0.200459
v -0.244045 0.038268 -0.187262
v -0.238006 0.000000 -0.182628
v -0.244045 -0.038268 -0.187262
v -0.261243 -0.070711 -0.200459
v -0.286981 -0.092388 -0.220208
v -0.317341 -0.100000 -0.243505
v -0.347702 -0.092388 -0.266801
v -0.373440 -0.070711 -0.286551
v -0.390638 -0.038268 -0.299747
v -0.433013 0.000000 -0.250000
v -0.426420 0.038268 -0.246194
v -0.407647 0.070711 -0.235355
v -0.379551 0.092388 -0.219134
v -0.346410 0.100000 -0.200000
v -0.313269 0.092388 -0.180866
v -0.285173 0.070711 -0.164645
v -0.266400 0.038268 -0.153806
v -0.259808 0.000000 -0.150000
v -0.266400 -0.038268 -0.153806
v -0.285173 -0.070711 -0.164645
v -0.313269 -0.092388 -0.180866
v -0.346410 -0.100000 -0.200000
v -0.379551 -0.092388 -0.219134
v -0.407647 -0.070711 -0.235355
v -0.426420 -0.038268 -0.246194
v -0.461940 0.000000 -0.191342
v -0.454907 0.038268 -0.188429
v -0.434880 0.070711 -0.180133
v -0.404907 0.092388 -0.167718
v -0.369552 0.100000 -0.153073
v -0.334196 0.092388 -0.138429
v -0.304224 0.070711 -0.126014
v -0.284196 0.038268 -0.117718
v -0.277164 0.000000 -0.114805
v -0.284196 -0.038268 -0.117718
v -0.304224 -0.070711 -0.126014
v -0.334196 -0.092388 -0.138429
v -0.369552 -0.100000 -0.153073
v -0.404907 -0.092388 -0.167718
v -0.434880 -0.070711 -0.180133
v -0.454907 -0.038268 -0.188429
v -0.482963 0.000000 -0.129409
v -0.475610 0.038268 -0.127439
v -0.454672 0.070711 -0.121829
v -0.423335 0.092388 -0.113432
v -0.386370 0.100000 -0.103528
v -0.349406 0.092388 -0.093623
v -0.318069 0.070711 -0.085226
v -0.297130 0.038268 -0.079616
v -0.289778 0.000000 -0.077646
v -0.297130 -0.038268 -0.079616
v -0.318069 -0.070711 -0.085226
v -0.349406 -0.092388 -0.093623
v -0.386370 -0.100000 -0.103528
v -0.423335 -0.092388 -0.113432
v -0.454672 -0.070711 -0.121829
v -0.475610 -0.038268 -0.127439
v -0.495722 0.000000 -0.065263
v -0.488175 0.038268 -0.064270
v -0.466684 0.070711 -0.061440
v -0.434519 0.092388 -0.057206
v -0.396578 0.100000 -0.052211
v -0.358637 0.092388 -0.047215
v -0.326472 0.070711 -0.042981
v -0.304980 0.038268 -0.040151
v -0.297433 0.000000 -0.039158
v -0.304980 -0.038268 -0.040151
v -0.326472 -0.070711 -0.042981
v -0.358637 -0.092388 -0.047215
v -0.396578 -0.100000 -0.052211
v -0.434519 -0.092388 -0.057206
v -0.466684 -0.070711 -0.061440
v -0.488175 -0.038268 -0.064270
v -0.500000 0.000000 -0.000000
v -0.492388 0.038268 -0.000000
v -0.470711 0.070711 -0.000000
v -0.438268 0.092388 -0.000000
v -0.400000 0.100000 -0.000000
v -0.361732 0.092388 -0.000000
v -0.329289 0.070711 -0.000000
v -0.307612 0.038268 -0.000000
v -0.300000 0.000000 -0.000000
v -0.307612 -0.038268 -0.000000
v -0.329289 -0.070711 -0.000000
v -0.361732 -0.092388 -0.000000
v -0.400000 -0.100000 -0.000000
v -0.438268 -0.092388 -0.000000
v -0.470711 -0.070711 -0.000000
v -0.492388 -0.038268 -0.000000
v -0.495722 0.000000 0.065263
v -0.488175 0.038268 0.064270
v -0.466684 0.070711 0.061440
v -0.434519 0.092388 0.057206
v -0.396578 0.100000 0.052211
v -0.358637 0.092388 0.047215
v -0.326472 0.070711 0.042981
v -0.304980 0.038268 0.040151
v -0.297433 0.000000 0.039158
v -0.304980 -0.038268 0.040151
v -0.326472 -0.070711 0.042981
v -0.358637 -0.092388 0.047215
v -0.396578 -0.100000 0.052211
v -0.434519 -0.092388 0.057206
v -0.466684 -0.070711 0.061440
v -0.488175 -0.038268 0.064270
v -0.482963 0.000000 0.129409
v -0.475610 0.038268 0.127439
v -0.454672 0.070711 0.121829
v -0.423335 0.092388 0.113432
v -0.386370 0.100000 0.103528
v -0.349406 0.092388 0.093623
v -0.318069 0.070711 0.085226
v -0.297130 0.038268 0.079616
v -0.289778 0.000000 0.077646
v -0.297130 -0.038268 0.079616
v -0.318069 -0.070711 0.085226
v -0.349406 -0.092388 0.093623
v -0.386370 -0.100000 0.103528
v -0.423335 -0.092388 0.113432
v -0.454672 -0.070711 0.121829
v -0.475610 -0.038268 0.127439
v -0.461940 0.000000 0.191342
v -0.454907 0.038268 0.188429
v -0.434880 0.070711 0.180133
v -0.404907 0.092388 0.167718
v -0.369552 0.100000 0.153073
v -0.334197 0.092388 0.138429
v -0.304224 0.070711 0.126013
v -0.284197 0.038268 0.117718
v -0.277164 0.000000 0.114805
v -0.284197 -0.038268 0.117718
v -0.304224 -0.070711 0.126013
v -0.334197 -0.092388 0.138429
v -0.369552 -0.100000 0.153073
v -0.404907 -0.092388 0.167718
v -0.434880 -0.070711 0.180133
v -0.454907 -0.038268 0.188429
v -0.433013 0.000000 0.250000
v -0.426421 0.038268 0.246194
v -0.407647 0.070711 0.235355
v -0.379552 0.092388 0.219134
v -0.346410 0.100000 0.200000
v -0.313269 0.092388 0.180866
v -0.285173 0.070711 0.164645
v -0.266400 0.038268 0.153806
v -0.259808 0.000000 0.150000
v -0.266400 -0.038268 0.153806
v -0.285173 -0.070711 0.164645
v -0.313269 -0.092388 0.180866
v -0.346410 -0.100000 0.200000
v -0.379552 -0.092388 0.219134
v -0.407647 -0.070711 0.235355
v -0.426421 -0.038268 0.246194
v -0.396677 0.000000 0.304381
v -0.390638 0.038268 0.299747
v -0.373440 0.070711 0.286551
v -0.347702 0.092388 0.266801
v -0.317341 0.100000 0.243505
v -0.286981 0.092388 0.220208
v -0.261243 0.070711 0.200459
v -0.244045 0.038268 0.187262
v -0.238006 0.000000 0.182628
v -0.244045 -0.038268 0.187262
v -0.261243 -0.070711 0.200459
v -0.286981 -0.092388 0.220208
v -0.317341 -0.100000 0.243505
v -0.347702 -0.092388 0.266801
v -0.373440 -0.070711 0.286551
v -0.390638 -0.038268 0.299747
v -0.353553 0.000000 0.353553
v -0.348171 0.038268 0.348171
v -0.332843 0.070711 0.332843
v -0.309903 0.092388 0.309902
v -0.282843 0.100000 0.282843
v -0.255783 0.092388 0.255783
v -0.232843 0.070711 0.232843
v -0.217515 0.038268 0.217515
v -0.212132 0.000000 0.212132
v -0.217515 -0.038268 0.217515
v -0.232843 -0.070711 0.232843
v -0.255783 -0.092388 0.255783
v -0.282843 -0.100000 0.282843
v -0.309903 -0.092388 0.309902
v -0.332843 -0.070711 0.332843
v -0.348171 -0.038268 0.348171
v -0.304381 0.000000 0.396677
v -0.299747 0.038268 0.390637
v -0.286551 0.070711 0.373440
v -0.266801 0.092388 0.347702
v -0.243505 0.100000 0.317341
v -0.220208 0.092388 0.286981
v -0.200459 0.070711 0.261243
v -0.187262 0.038268 0.244045
v -0.182629 0.000000 0.238006
v -0.187262 -0.038268 0.244045
v -0.200459 -0.070711 0.261243
v -0.220208 -0.092388 0.286981
v -0.243505 -0.100000 0.317341
v -0.266801 -0.092388 0.347702
v -0.286551 -0.070711 0.373440
v -0.299747 -0.038268 0.390637
v -0.250000 0.000000 0.433013
v -0.246194 0.038268 0.426421
v -0.235355 0.070711 0.407647
v -0.219134 0.092388 0.379552
v -0.200000 0.100000 0.346410
v -0.180866 0.092388 0.313269
v -0.164645 0.070711 0.285173
v -0.153806 0.038268 0.266400
v -0.150000 0.000000 0.259808
v -0.153806 -0.038268 0.266400
v -0.164645 -0.070711 0.285173
v -0.180866 -0.092388 0.313269
v -0.200000 -0.100000 0.346410
v -0.219134 -0.092388 0.379552
v -0.235355 -0.070711 0.407647
v -0.246194 -0.038268 0.426421
v -0.191342 0.000000 0.461940
v -0.188429 0.038268 0.454907
v -0.180133 0.070711 0.434880
v -0.167718 0.092388 0.404907
v -0.153073 0.100000 0.369552
v -0.138429 0.092388 0.334196
v -0.126014 0.070711 0.304224
v -0.117718 0.038268 0.284196
v -0.114805 0.000000 0.277164
v -0.117718 -0.038268 0.284196
v -0.126014 -0.070711 0.304224
v -0.138429 -0.092388 0.334196
v -0.153073 -0.100000 0.369552
v -0.167718 -0.092388 0.404907
v -0.180133 -0.070711 0.434880
v -0.188429 -0.038268 0.454907
v -0.129410 0.000000 0.482963
v -0.127440 0.038268 0.475610
v -0.121829 0.070711 0.454672
v -0.113432 0.092388 0.423335
v -0.103528 0.100000 0.386370
v -0.093623 0.092388 0.349406
v -0.085226 0.070711 0.318069
v -0.079616 0.038268 0.297130
v -0.077646 0.000000 0.289778
v -0.079616 -0.038268 0.297130
v -0.085226 -0.070711 0.318069
v -0.093623 -0.092388 0.349406
v -0.103528 -0.100000 0.386370
v -0.113432 -0.092388 0.423335
v -0.121829 -0.070711 0.454672
v -0.127440 -0.038268 0.475610
v -0.065263 0.000000 0.495722
v -0.064270 0.038268 0.488175
v -0.061440 0.070711 0.466684
v -0.057206 0.092388 0.434519
v -0.052211 0.100000 0.396578
v -0.047216 0.092388 0.358637
v -0.042981 0.070711 0.326472
v -0.040152 0.038268 0.304980
v -0.039158 0.000000 0.297433
v -0.040152 -0.038268 0.304980
v -0.042981 -0.070711 0.326472
v -0.047216 -0.092388 0.358637
v -0.052211 -0.100000 0.396578
v -0.057206 -0.092388 0.434519
v -0.061440 -0.070711 0.466684
v -0.064270 -0.038268 0.488175
v 0.000000 0.000000 0.500000
v 0.000000 0.038268 0.492388
v 0.000000 0.070711 0.470711
v 0.000000 0.092388 0.438268
v 0.000000 0.100000 0.400000
v 0.000000 0.092388 0.361732
v 0.000000 0.070711 0.329289
v 0.000000 0.038268 0.307612
v 0.000000 0.000000 0.300000
v 0.000000 -0.038268 0.307612
v 0.000000 -0.070711 0.329289
v 0.000000 -0.092388 0.361732
v 0.000000 -0.100000 0.400000
v 0.000000 -0.092388 0.438268
v 0.000000 -0.070711 0.470711
v 0.000000 -0.038268 0.492388
v 0.065263 0.000000 0.495722
v 0.064269 0.038268 0.488176
v 0.061440 0.070711 0.466684
v 0.057205 0.092388 0.434519
v 0.052210 0.100000 0.396578
v 0.047215 0.092388 0.358637
v 0.042981 0.070711 0.326472
v 0.040151 0.038268 0.304980
v 0.039158 0.000000 0.297433
v 0.040151 -0.038268 0.304980
v 0.042981 -0.070711 0.326472
v 0.047215 -0.092388 0.358637
v 0.052210 -0.100000 0.396578
v 0.057205 -0.092388 0.434519
v 0.061440 -0.070711 0.466684
v 0.064269 -0.038268 0.488176
v 0.129409 0.000000 0.482963
v 0.127439 0.038268 0.475610
v 0.121829 0.070711 0.454672
v 0.113432 0.092388 0.423335
v 0.103527 0.100000 0.386370
v 0.093623 0.092388 0.349406
v 0.085226 0.070711 0.318069
v 0.079616 0.038268 0.297130
v 0.077646 0.000000 0.289778
v 0.079616 -0.038268 0.297130
v 0.085226 -0.070711 0.318069
v 0.093623 -0.092388 0.349406
v 0.103527 -0.100000 0.386370
v 0.113432 -0.092388 0.423335
v 0.121829 -0.070711 0.454672
v 0.127439 -0.038268 0.475610
v 0.191342 0.000000 0.461940
v 0.188429 0.038268 0.454907
v 0.180133 0.070711 0.434880
v 0.167718 0.092388 0.404907
v 0.153073 0.100000 0.369552
v 0.138429 0.092388 0.334196
v 0.126014 0.070711 0.304224
v 0.117718 0.038268 0.284196
v 0.114805 0.000000 0.277164
v 0.117718 -0.038268 0.284196
v 0.126014 -0.070711 0.304224
v 0.138429 -0.092388 0.334196
v 0.153073 -0.100000 0.369552
v 0.167718 -0.092388 0.404907
v 0.180133 -0.070711 0.434880
v 0.188429 -0.038268 0.454907
v 0.250000 0.000000 0.433013
v 0.246194 0.038268 0.426421
v 0.235355 0.070711 0.407647
v 0.219134 0.092388 0.379552
v 0.200000 0.100000 0.346410
v 0.180866 0.092388 0.313269
v 0.164645 0.070711 0.285173
v 0.153806 0.038268 0.266400
v 0.150000 0.000000 0.259808
v 0.153806 -0.038268 0.266400
v 0.164645 -0.070711 0.285173
v 0.180866 -0.092388 0.313269
v 0.200000 -0.100000 0.346410
v 0.219134 -0.092388 0.379552
v 0.235355 -0.070711 0.407647
v 0.246194 -0.038268 0.426421
v 0.304381 0.000000 0.396677
v 0.299747 0.038268 0.390638
v 0.286550 0.070711 0.373440
v 0.266801 0.092388 0.347702
v 0.243504 0.100000 0.317341
v 0.220208 0.092388 0.286981
v 0.200459 0.070711 0.261243
v 0.187262 0.038268 0.244045
v 0.182628 0.000000 0.238006
v 0.187262 -0.038268 0.244045
v 0.200459 -0.070711 0.261243
v 0.220208 -0.092388 0.286981
v 0.243504 -0.100000 0.317341
v 0.266801 -0.092388 0.347702
v 0.286550 -0.070711 0.373440
v 0.299747 -0.038268 0.390638
v 0.353553 0.000000 0.353554
v 0.348171 0.038268 0.348171
v 0.332843 0.070711 0.332843
v 0.309902 0.092388 0.309903
v 0.282843 0.100000 0.282843
v 0.255783 0.092388 0.255783
v 0.232843 0.070711 0.232843
v 0.217514 0.038268 0.217515
v 0.212132 0.000000 0.212132
v 0.217514 -0.038268 0.217515
v 0.232843 -0.070711 0.232843
v 0.255783 -0.092388 0.255783
v 0.282843 -0.100000 0.282843
v 0.309902 -0.092388 0.309903
v 0.332843 -0.070711 0.332843
v 0.348171 -0.038268 0.348171
v 0.396677 0.000000 0.304381
v 0.390638 0.038268 0.299747
v 0.373440 0.070711 0.286550
v 0.347702 0.092388 0.266801
v 0.317341 0.100000 0.243505
v 0.286981 0.092388 0.220208
v 0.261243 0.070711 0.200459
v 0.244045 0.038268 0.187262
v 0.238006 0.000000 0.182628
v 0.244045 -0.038268 0.187262
v 0.261243 -0.070711 0.200459
v 0.286981 -0.092388 0.220208
v 0.317341 -0.100000 0.243505
v 0.347702 -0.092388 0.266801
v 0.373440 -0.070711 0.286550
v 0.390638 -0.038268 0.299747
v 0.433013 0.000000 0.250000
v 0.426420 0.038268 0.246194
v 0.407647 0.070711 0.235355
v 0.379552 0.092388 0.219134
v 0.346410 0.100000 0.200000
v 0.313269 0.092388 0.180866
v 0.285173 0.070711 0.164645
v 0.266400 0.038268 0.153806
v 0.259808 0.000000 0.150000
v 0.266400 -0.038268 0.153806
v 0.285173 -0.070711 0.164645
v 0.313269 -0.092388 0.180866
v 0.346410 -0.100000 0.200000
v 0.379552 -0.092388 0.219134
v 0.407647 -0.070711 0.235355
v 0.426420 -0.038268 0.246194
v 0.461940 0.000000 0.191342
v 0.454907 0.038268 0.188429
v 0.434880 0.070711 0.180133
v 0.404907 0.092388 0.167718
v 0.369552 0.100000 0.153074
v 0.334196 0.092388 0.138429
v 0.304224 0.070711 0.126014
v 0.284196 0.038268 0.117718
v 0.277164 0.000000 0.114805
v 0.284196 -0.038268 0.117718
v 0.304224 -0.070711 0.126014
v 0.334196 -0.092388 0.138429
v 0.369552 -0.100000 0.153074
v 0.404907 -0.092388 0.167718
v 0.434880 -0.070711 0.180133
v 0.454907 -0.038268 0.188429
v 0.482963 0.000000 0.129409
v 0.475610 0.038268 0.127439
v 0.454672 0.070711 0.121829
v 0.423335 0.092388 0.113432
v 0.386370 0.100000 0.103528
v 0.349406 0.092388 0.093623
v 0.318069 0.070711 0.085226
v 0.297130 0.038268 0.079616
v 0.289778 0.000000 0.077646
v 0.297130 -0.038268 0.079616
v 0.318069 -0.070711 0.085226
v 0.349406 -0.092388 0.093623
v 0.386370 -0.100000 0.103528
v 0.423335 -0.092388 0.113432
v 0.454672 -0.070711 0.121829
v 0.475610 -0.038268 0.127439
v 0.495722 0.000000 0.065263
v 0.488176 0.038268 0.064270
v 0.466684 0.070711 0.061440
v 0.434519 0.092388 0.057205
v 0.396578 0.100000 0.052210
v 0.358637 0.092388 0.047215
v 0.326472 0.070711 0.042981
v 0.304980 0.038268 0.040151
v 0.297433 0.000000 0.039158
v 0.304980 -0.038268 0.040151
v 0.326472 -0.070711 0.042981
v 0.358637 -0.092388 0.047215
v 0.396578 -0.100000 0.052210
v 0.434519 -0.092388 0.057205
v 0.466684 -0.070711 0.061440
v 0.488176 -0.038268 0.064270
vn 1.0000 -0.0000 -0.0000
vn 0.9251 0.3798 -0.0000
vn 0.7111 0.7031 -0.0000
vn 0.3896 0.9210 -0.0000
vn 0.0081 1.0000 -0.0000
vn -0.3757 0.9267 -0.0000
vn -0.7030 0.7112 -0.0000
vn -0.9227 0.3856 -0.0000
vn -1.0000 -0.0000 -0.0000
vn -0.9227 -0.3856 -0.0000
vn -0.7030 -0.7112 -0.0000
vn -0.3757 -0.9267 -0.0000
vn 0.0081 -1.0000 -0.0000
vn 0.3896 -0.9210 -0.0000
vn 0.7111 -0.7031 -0.0000
vn 0.9251 -0.3798 -0.0000
vn 0.9914 -0.0000 -0.1305
vn 0.9171 0.3798 -0.1207
vn 0.7050 0.7031 -0.0928
vn 0.3862 0.9210 -0.0508
vn 0.0081 1.0000 -0.0011
vn -0.3725 0.9267 0.0490
vn -0.6970 0.7112 0.0918
vn -0.9148 0.3856 0.1204
vn -0.9914 -0.0000 0.1305
vn -0.9148 -0.3856 0.1204
vn -0.6970 -0.7112 0.0918
vn -0.3725 -0.9267 0.0490
vn 0.0081 -1.0000 -0.0011
vn 0.3862 -0.9210 -0.0508
vn 0.7050 -0.7031 -0.0928
vn 0.9171 -0.3798 -0.1207
vn 0.9659 -0.0000 -0.2588
vn 0.8935 0.3798 -0.2394
vn 0.6869 0.7031 -0.1841
vn 0.3763 0.9210 -0.1008
vn 0.0078 1.0000 -0.0021
vn -0.3629 0.9267 0.0972
vn -0.6790 0.7112 0.1820
vn -0.8912 0.3856 0.2388
vn -0.9659 -0.0000 0.2588
vn -0.8912 -0.3856 0.2388
vn -0.6790 -0.7112 0.1820
vn -0.3629 -0.9267 0.0972
vn 0.0078 -1.0000 -0.0021
vn 0.3763 -0.9210 -0.1008
vn 0.6869 -0.7031 -0.1841
vn 0.8935 -0.3798 -0.2394
vn 0.9239 -0.0000 -0.3827
vn 0.8546 0.3798 -0.3540
vn 0.6570 0.7031 -0.2721
vn 0.3599 0.9210 -0.1491
vn 0.0075 1.0000 -0.0031
vn -0.3471 0.9267 0.1438
vn -0.6495 0.7112 0.2690
vn -0.8524 0.3856 0.3531
vn -0.9239 -0.0000 0.3827
vn -0.8524 -0.3856 0.3531
vn -0.6495 -0.7112 0.2690
vn -0.3471 -0.9267 0.1438
vn 0.0075 -1.0000 -0.0031
vn 0.3599 -0.9210 -0.1491
vn 0.6570 -0.7031 -0.2721
vn 0.8546 -0.3798 -0.3540
vn 0.8660 -0.0000 -0.5000
vn 0.8011 0.3798 -0.4625
vn 0.6158 0.7031 -0.3556
vn 0.3374 0.9210 -0.1948
vn 0.0070 1.0000 -0.0041
vn -0.3254 0.9267 0.1879
vn -0.6088 0.7112 0.3515
vn -0.7991 0.3856 0.4613
vn -0.8660 -0.0000 0.5000
vn -0.7991 -0.3856 0.4613
vn -0.6088 -0.7112 0.3515
vn -0.3254 -0.9267 0.1879
vn 0.0070 -1.0000 -0.0041
vn 0.3374 -0.9210 -0.1948
vn 0.6158 -0.7031 -0.3556
vn 0.8011 -0.3798 -0.4625
vn 0.7934 -0.0000 -0.6088
vn 0.7339 0.3798 -0.5631
vn 0.5642 0.7031 -0.4329
vn 0.3091 0.9210 -0.2372
vn 0.0064 1.0000 -0.0049
vn -0.2981 0.9267 0.2287
vn -0.5577 0.7112 0.4280
vn -0.7320 0.3856 0.5617
vn -0.7934 -0.0000 0.6088
vn -0.7320 -0.3856 0.5617
vn -0.5577 -0.7112 0.4280
vn -0.2981 -0.9267 0.2287
vn 0.0064 -1.0000 -0.0049
vn 0.3091 -0.9210 -0.2372
vn 0.5642 -0.7031 -0.4329
vn 0.7339 -0.3798 -0.5631
vn 0.7071 -0.0000 -0.7071
vn 0.6541 0.3798 -0.6541
vn 0.5028 0.7031 -0.5028
vn 0.2755 0.9210 -0.2755
vn 0.0057 1.0000 -0.0057
vn -0.2657 0.9267 0.2657
vn -0.4971 0.7112 0.4971
vn -0.6524 0.3856 0.6524
vn -0.7071 -0.0000 0.7071
vn -0.6524 -0.3856 0.6524
vn -0.4971 -0.7112 0.4971
vn -0.2657 -0.9267 0.2657
vn 0.0057 -1.0000 -0.0057
vn 0.2755 -0.9210 -0.2755
vn 0.5028 -0.7031 -0.5028
vn 0.6541 -0.3798 -0.6541
vn 0.6088 -0.0000 -0.7934
vn 0.5631 0.3798 -0.7339
vn 0.4329 0.7031 -0.5642
vn 0.2372 0.9210 -0.3091
vn 0.0049 1.0000 -0.0064
vn -0.2287 0.9267 0.2981
vn -0.4280 0.7112 0.5577
vn -0.5617 0.3856 0.7320
vn -0.6088 -0.0000 0.7934
vn -0.5617 -0.3856 0.7320
vn -0.4280 -0.7112 0.5577
vn -0.2287 -0.9267 0.2981
vn 0.0049 -1.0000 -0.0064
vn 0.2372 -0.9210 -0.3091
vn 0.4329 -0.7031 -0.5642
vn 0.5631 -0.3798 -0.7339
vn 0.5000 -0.0000 -0.8660
vn 0.4625 0.3798 -0.8011
vn 0.3556 0.7031 -0.6158
vn 0.1948 0.9210 -0.3374
vn 0.0041 1.0000 -0.0070
vn -0.1879 0.9267 0.3254
vn -0.3515 0.7112 0.6088
vn -0.4613 0.3856 0.7991
vn -0.5000 -0.0000 0.8660
vn -0.4613 -0.3856 0.7991
vn -0.3515 -0.7112 0.6088
vn -0.1879 -0.9267 0.3254
vn 0.0041 -1.0000 -0.0070
vn 0.1948 -0.9210 -0.3374
vn 0.3556 -0.7031 -0.6158
vn 0.4625 -0.3798 -0.8011
vn 0.3827 -0.0000 -0.9239
vn 0.3540 0.3798 -0.8546
vn 0.2721 0.7031 -0.6570
vn 0.1491 0.9210 -0.3599
vn 0.0031 1.0000 -0.0075
vn -0.1438 0.9267 0.3471
vn -0.2690 0.7112 0.6495
vn -0.3531 0.3856 0.8524
vn -0.3827 -0.0000 0.9239
vn -0.3531 -0.3856 0.8524
vn -0.2690 -0.7112 0.6495
vn -0.1438 -0.9267 0.3471
vn 0.0031 -1.0000 -0.0075
vn 0.1491 -0.9210 -0.3599
vn 0.2721 -0.7031 -0.6570
vn 0.3540 -0.3798 -0.8546
vn 0.2588 -0.0000 -0.9659
vn 0.2394 0.3798 -0.8935
vn 0.1841 0.7031 -0.6869
vn 0.1008 0.9210 -0.3763
vn 0.0021 1.0000 -0.0078
vn -0.0972 0.9267 0.3629
vn -0.1820 0.7112 0.6790
vn -0.2388 0.3856 0.8912
vn -0.2588 -0.0000 0.9659
vn -0.2388 -0.3856 0.8912
vn -0.1819 -0.7112 0.6790
vn -0.0972 -0.9267 0.3629
vn 0.0021 -1.0000 -0.0078
vn 0.1008 -0.9210 -0.3763
vn 0.1841 -0.7031 -0.6869
vn 0.2394 -0.3798 -0.8935
vn 0.1305 -0.0000 -0.9914
vn 0.1207 0.3798 -0.9171
vn 0.0928 0.7031 -0.7050
vn 0.0508 0.9210 -0.3862
vn 0.0011 1.0000 -0.0081
vn -0.0490 0.9267 0.3725
vn -0.0918 0.7112 0.6970
vn -0.1204 0.3856 0.9148
vn -0.1305 -0.0000 0.9914
vn -0.1204 -0.3856 0.9148
vn -0.0918 -0.7112 0.6970
vn -0.0490 -0.9267 0.3725
vn 0.0011 -1.0000 -0.0081
vn 0.0508 -0.9210 -0.3862
vn 0.0928 -0.7031 -0.7050
vn 0.1207 -0.3798 -0.9171
vn -0.0000 -0.0000 -1.0000
vn -0.0000 0.3798 -0.9251
vn -0.0000 0.7031 -0.7111
vn -0.0000 0.9210 -0.3896
vn -0.0000 1.0000 -0.0081
vn -0.0000 0.9267 0.3757
vn -0.0000 0.7112 0.7030
vn -0.0000 0.3856 0.9227
vn -0.0000 -0.0000 1.0000
vn -0.0000 -0.3856 0.9227
vn -0.0000 -0.7112 0.7030
vn -0.0000 -0.9267 0.3757
vn -0.0000 -1.0000 -0.0081
vn -0.0000 -0.9210 -0.3896
vn -0.0000 -0.7031 -0.7111
vn -0.0000 -0.3798 -0.9251
vn -0.1305 -0.0000 -0.9914
vn -0.1207 0.3798 -0.9171
vn -0.0928 0.7031 -0.7050
vn -0.0508 0.9210 -0.3862
vn -0.0011 1.0000 -0.0081
vn 0.0490 0.9267 0.3725
vn 0.0918 0.7112 0.6970
vn 0.1204 0.3856 0.9148
vn 0.1305 -0.0000 0.9914
vn 0.1204 -0.3856 0.9148
vn 0.0918 -0.7112 0.6970
vn 0.0490 -0.9267 0.3725
vn -0.0011 -1.0000 -0.0081
vn -0.0508 -0.9210 -0.3862
vn -0.0928 -0.7031 -0.7050
vn -0.1207 -0.3798 -0.9171
vn -0.2588 -0.0000 -0.9659
vn -0.2394 0.3798 -0.8935
vn -0.1841 0.7031 -0.6869
vn -0.1008 0.9210 -0.3763
vn -0.0021 1.0000 -0.0078
vn 0.0972 0.9267 0.3629
vn 0.1819 0.7112 0.6790
vn 0.2388 0.3856 0.8912
vn 0.2588 -0.0000 0.9659
vn 0.2388 -0.3856 0.8912
vn 0.1819 -0.7112 0.6790
vn 0.0972 -0.9267 0.3629
vn -0.0021 -1.0000 -0.0078
vn -0.1008 -0.9210 -0.3763
vn -0.1841 -0.7031 -0.6869
vn -0.2394 -0.3798 -0.8935
vn -0.3827 -0.0000 -0.9239
vn -0.3540 0.3798 -0.8546
vn -0.2721 0.7031 -0.6570
vn -0.1491 0.9210 -0.3599
vn -0.0031 1.0000 -0.0075
vn 0.1438 0.9267 0.3471
vn 0.2690 0.7112 0.6495
vn 0.3531 0.3856 0.8524
vn 0.3827 -0.0000 0.9239
vn 0.3531 -0.3856 0.8524
vn 0.2690 -0.7112 0.6495
vn 0.1438 -0.9267 0.3471
vn -0.0031 -1.0000 -0.0075
vn -0.1491 -0.9210 -0.3599
vn -0.2721 -0.7031 -0.6570
vn -0.3540 -0.3798 -0.8546
vn -0.5000 -0.0000 -0.8660
vn -0.4625 0.3798 -0.8011
vn -0.3556 0.7031 -0.6158
vn -0.1948 0.9210 -0.3374
vn -0.0041 1.0000 -0.0070
vn 0.1879 0.9267 0.3254
vn 0.3515 0.7112 0.6088
vn 0.4613 0.3856 0.7991
vn 0.5000 -0.0000 0.8660
vn 0.4613 -0.3856 0.7991
vn 0.3515 -0.7112 0.6088
vn 0.1879 -0.9267 0.3254
vn -0.0041 -1.0000 -0.0070
vn -0.1948 -0.9210 -0.3374
vn -0.3556 -0.7031 -0.6158
vn -0.4625 -0.3798 -0.8011
vn -0.6088 -0.0000 -0.7934
vn -0.5631 0.3798 -0.7339
vn -0.4329 0.7031 -0.5642
vn -0.2372 0.9210 -0.3091
vn -0.0049 1.0000 -0.0064
vn 0.2287 0.9267 0.2981
vn 0.4280 0.7112 0.5577
vn 0.5617 0.3856 0.7320
vn 0.6088 -0.0000 0.7934
vn 0.5617 -0.3856 0.7320
vn 0.4280 -0.7112 0.5577
vn 0.2287 -0.9267 0.2981
vn -0.0049 -1.0000 -0.0064
vn -0.2372 -0.9210 -0.3091
vn -0.4329 -0.7031 -0.5642
vn -0.5631 -0.3798 -0.7339
vn -0.7071 -0.0000 -0.7071
vn -0.6541 0.3798 -0.6541
vn -0.5028 0.7031 -0.5028
vn -0.2755 0.9210 -0.2755
vn -0.0057 1.0000 -0.0057
vn 0.2657 0.9267 0.2657
vn 0.4971 0.7112 0.4971
vn 0.6524 0.3856 0.6524
vn 0.7071 -0.0000 0.7071
vn 0.6524 -0.3856 0.6524
vn 0.4971 -0.7112 0.4971
vn 0.2657 -0.9267 0.2657
vn -0.0057 -1.0000 -0.0057
vn -0.2755 -0.9210 -0.2755
vn -0.5028 -0.7031 -0.5028
vn -0.6541 -0.3798 -0.6541
vn -0.7934 -0.0000 -0.6088
vn -0.7339 0.3798 -0.5631
vn -0.5642 0.7031 -0.4329
vn -0.3091 0.9210 -0.2372
vn -0.0064 1.0000 -0.0049
vn 0.2981 0.9267 0.2287
vn 0.5577 0.7112 0.4280
vn 0.7320 0.3856 0.5617
vn 0.7934 -0.0000 0.6088
vn 0.7320 -0.3856 0.5617
vn 0.5577 -0.7112 0.4280
vn 0.2981 -0.9267 0.2287
vn -0.0064 -1.0000 -0.0049
vn -0.3091 -0.9210 -0.2372
vn -0.5642 -0.7031 -0.4329
vn -0.7339 -0.3798 -0.5631
vn -0.8660 -0.0000 -0.5000
vn -0.8011 0.3798 -0.4625
vn -0.6158 0.7031 -0.3556
vn -0.3374 0.9210 -0.1948
vn -0.0070 1.0000 -0.0041
vn 0.3254 0.9267 0.1879
vn 0.6088 0.7112 0.3515
vn 0.7991 0.3856 0.4613
vn 0.8660 -0.0000 0.5000
vn 0.7991 -0.3856 0.4613
vn 0.6088 -0.7112 0.3515
vn 0.3254 -0.9267 0.1879
vn -0.0070 -1.0000 -0.0041
vn -0.3374 -0.9210 -0.1948
vn -0.6158 -0.7031 -0.3556
vn -0.8011 -0.3798 -0.4625
vn -0.9239 -0.0000 -0.3827
vn -0.8546 0.3798 -0.3540
vn -0.6570 0.7031 -0.2721
vn -0.3599 0.9210 -0.1491
vn -0.0075 1.0000 -0.0031
vn 0.3471 0.9267 0.1438
vn 0.6495 0.7112 0.2690
vn 0.8524 0.3856 0.3531
vn 0.9239 -0.0000 0.3827
vn 0.8524 -0.3856 0.3531
vn 0.6495 -0.7112 0.2690
vn 0.3471 -0.9267 0.1438
vn -0.0075 -1.0000 -0.0031
vn -0.3599 -0.9210 -0.1491
vn -0.6570 -0.7031 -0.2721
vn -0.8546 -0.3798 -0.3540
vn -0.9659 -0.0000 -0.2588
vn -0.8935 0.3798 -0.2394
vn -0.6869 0.7031 -0.1841
vn -0.3763 0.9210 -0.1008
vn -0.0078 1.0000 -0.0021
vn 0.3629 0.9267 0.0972
vn 0.6790 0.7112 0.1819
vn 0.8912 0.3856 0.2388
vn 0.9659 -0.0000 0.2588
vn 0.8912 -0.3856 0.2388
vn 0.6790 -0.7112 0.1819
vn 0.3629 -0.9267 0.0972
vn -0.0078 -1.0000 -0.0021
vn -0.3763 -0.9210 -0.1008
vn -0.6869 -0.7031 -0.1841
vn -0.8935 -0.3798 -0.2394
vn -0.9914 -0.0000 -0.1305
vn -0.9171 0.3798 -0.1207
vn -0.7050 0.7031 -0.0928
vn -0.3862 0.9210 -0.0508
vn -0.0081 1.0000 -0.0011
vn 0.3725 0.9267 0.0490
vn 0.6970 0.7112 0.0918
vn 0.9148 0.3856 0.1204
vn 0.9914 -0.0000 0.1305
vn 0.9148 -0.3856 0.1204
vn 0.6970 -0.7112 0.0918
vn 0.3725 -0.9267 0.0490
vn -0.0081 -1.0000 -0.0011
vn -0.3862 -0.9210 -0.0508
vn -0.7050 -0.7031 -0.0928
vn -0.9171 -0.3798 -0.1207
vn -0.9251 0.3798 -0.0000
vn -0.7111 0.7031 -0.0000
vn -0.3896 0.9210 -0.0000
vn -0.0081 1.0000 -0.0000
vn 0.3757 0.9267 -0.0000
vn 0.7030 0.7112 -0.0000
vn 0.9227 0.3856 -0.0000
vn 0.9227 -0.3856 -0.0000
vn 0.7030 -0.7112 -0.0000
vn 0.3757 -0.9267 -0.0000
vn -0.0081 -1.0000 -0.0000
vn -0.3896 -0.9210 -0.0000
vn -0.7111 -0.7031 -0.0000
vn -0.9251 -0.3798 -0.0000
vn -0.9171 0.3798 0.1207
vn -0.7050 0.7031 0.0928
vn -0.3862 0.9210 0.0508
vn -0.0081 1.0000 0.0011
vn 0.3725 0.9267 -0.0490
vn 0.6970 0.7112 -0.0918
vn 0.9148 0.3856 -0.1204
vn 0.9148 -0.3856 -0.1204
vn 0.6970 -0.7112 -0.0918
vn 0.3725 -0.9267 -0.0490
vn -0.0081 -1.0000 0.0011
vn -0.3862 -0.9210 0.0508
vn -0.7050 -0.7031 0.0928
vn -0.9171 -0.3798 0.1207
vn -0.8935 0.3798 0.2394
vn -0.6869 0.7031 0.1841
vn -0.3763 0.9210 0.1008
vn -0.0078 1.0000 0.0021
vn 0.3629 0.9267 -0.0972
vn 0.6790 0.7112 -0.1819
vn 0.8912 0.3856 -0.2388
vn 0.8912 -0.3856 -0.2388
vn 0.6790 -0.7112 -0.1819
vn 0.3629 -0.9267 -0.0972
vn -0.0078 -1.0000 0.0021
vn -0.3763 -0.9210 0.1008
vn -0.6869 -0.7031 0.1841
vn -0.8935 -0.3798 0.2394
vn -0.8546 0.3798 0.3540
vn -0.6570 0.7031 0.2721
vn -0.3599 0.9210 0.1491
vn -0.0075 1.0000 0.0031
vn 0.3471 0.9267 -0.1438
vn 0.6495 0.7112 -0.2690
vn 0.8524 0.3856 -0.3531
vn 0.8524 -0.3856 -0.3531
vn 0.6495 -0.7112 -0.2690
vn 0.3471 -0.9267 -0.1438
vn -0.0075 -1.0000 0.0031
vn -0.3599 -0.9210 0.1491
vn -0.6570 -0.7031 0.2721
vn -0.8546 -0.3798 0.3540
vn -0.8011 0.3798 0.4625
vn -0.6158 0.7031 0.3556
vn -0.3374 0.9210 0.1948
vn -0.0070 1.0000 0.0041
vn 0.3254 0.9267 -0.1879
vn 0.6088 0.7112 -0.3515
vn 0.7991 0.3856 -0.4613
vn 0.7991 -0.3856 -0.4613
vn 0.6088 -0.7112 -0.3515
vn 0.3254 -0.9267 -0.1879
vn -0.0070 -1.0000 0.0041
vn -0.3374 -0.9210 0.1948
vn -0.6158 -0.7031 0.3556
vn -0.8011 -0.3798 0.4625
vn -0.7339 0.3798 0.5631
vn -0.5642 0.7031 0.4329
vn -0.3091 0.9210 0.2372
vn -0.0064 1.0000 0.0049
vn 0.2981 0.9267 -0.2287
vn 0.5577 0.7112 -0.4280
vn 0.7320 0.3856 -0.5617
vn 0.7320 -0.3856 -0.5617
vn 0.5577 -0.7112 -0.4280
vn 0.2981 -0.9267 -0.2287
vn -0.0064 -1.0000 0.0049
vn -0.3091 -0.9210 0.2372
vn -0.5642 -0.7031 0.4329
vn -0.7339 -0.3798 0.5631
vn -0.6541 0.3798 0.6541
vn -0.5028 0.7031 0.5028
vn -0.2755 0.9210 0.2755
vn -0.0057 1.0000 0.0057
vn 0.2657 0.9267 -0.2657
vn 0.4971 0.7112 -0.4971
vn 0.6524 0.3856 -0.6524
vn 0.6524 -0.3856 -0.6524
vn 0.4971 -0.7112 -0.4971
vn 0.2657 -0.9267 -0.2657
vn -0.0057 -1.0000 0.0057
vn -0.2755 -0.9210 0.2755
vn -0.5028 -0.7031 0.5028
vn -0.6541 -0.3798 0.6541
vn -0.5631 0.3798 0.7339
vn -0.4329 0.7031 0.5642
vn -0.2372 0.9210 0.3091
vn -0.0049 1.0000 0.0064
vn 0.2287 0.9267 -0.2981
vn 0.4280 0.7112 -0.5577
vn 0.5617 0.3856 -0.7320
vn 0.5617 -0.3856 -0.7320
vn 0.4280 -0.7112 -0.5577
vn 0.2287 -0.9267 -0.2981
vn -0.0049 -1.0000 0.0064
vn -0.2372 -0.9210 0.3091
vn -0.4329 -0.7031 0.5642
vn -0.5631 -0.3798 0.7339
vn -0.4625 0.3798 0.8011
vn -0.3556 0.7031 0.6158
vn -0.1948 0.9210 0.3374
vn -0.0041 1.0000 0.0070
vn 0.1879 0.9267 -0.3254
vn 0.3515 0.7112 -0.6088
vn 0.4613 0.3856 -0.7991
vn 0.4613 -0.3856 -0.7991
vn 0.3515 -0.7112 -0.6088
vn 0.1879 -0.9267 -0.3254
vn -0.0041 -1.0000 0.0070
vn -0.1948 -0.9210 0.3374
vn -0.3556 -0.7031 0.6158
vn -0.4625 -0.3798 0.8011
vn -0.3540 0.3798 0.8546
vn -0.2721 0.7031 0.6570
vn -0.1491 0.9210 0.3599
vn -0.0031 1.0000 0.0075
vn 0.1438 0.9267 -0.3471
vn 0.2690 0.7112 -0.6495
vn 0.3531 0.3856 -0.8524
vn 0.3531 -0.3856 -0.8524
vn 0.2690 -0.7112 -0.6495
vn 0.1438 -0.9267 -0.3471
vn -0.0031 -1.0000 0.0075
vn -0.1491 -0.9210 0.3599
vn -0.2721 -0.7031 0.6570
vn -0.3540 -0.3798 0.8546
vn -0.2394 0.3798 0.8935
vn -0.1841 0.7031 0.6869
vn -0.1008 0.9210 0.3763
vn -0.0021 1.0000 0.0078
vn 0.0972 0.9267 -0.3629
vn 0.1819 0.7112 -0.6790
vn 0.2388 0.3856 -0.8912
vn 0.2388 -0.3856 -0.8912
vn 0.1819 -0.7112 -0.6790
vn 0.0972 -0.9267 -0.3629
vn -0.0021 -1.0000 0.0078
vn -0.1008 -0.9210 0.3763
vn -0.1841 -0.7031 0.6869
vn -0.2394 -0.3798 0.8935
vn -0.1207 0.3798 0.9171
vn -0.0928 0.7031 0.7050
vn -0.0508 0.9210 0.3862
vn -0.0011 1.0000 0.0081
vn 0.0490 0.9267 -0.3725
vn 0.0918 0.7112 -0.6970
vn 0.1204 0.3856 -0.9148
vn 0.1204 -0.3856 -0.9148
vn 0.0918 -0.7112 -0.6970
vn 0.0490 -0.9267 -0.3725
vn -0.0011 -1.0000 0.0081
vn -0.0509 -0.9210 0.3862
vn -0.0928 -0.7031 0.7050
vn -0.1207 -0.3798 0.9171
vn -0.0000 0.3798 0.9251
vn -0.0000 0.7031 0.7111
vn -0.0000 0.9210 0.3896
vn -0.0000 1.0000 0.0081
vn -0.0000 0.9267 -0.3757
vn -0.0000 0.7112 -0.7030
vn -0.0000 0.3856 -0.9227
vn -0.0000 -0.3856 -0.9227
vn -0.0000 -0.7112 -0.7030
vn -0.0000 -0.9267 -0.3757
vn -0.0000 -1.0000 0.0081
vn -0.0000 -0.9210 0.3896
vn -0.0000 -0.7031 0.7111
vn -0.0000 -0.3798 0.9251
vn 0.1207 0.3798 0.9171
vn 0.0928 0.7031 0.7050
vn 0.0508 0.9210 0.3862
vn 0.0011 1.0000 0.0081
vn -0.0490 0.9267 -0.3725
vn -0.0918 0.7112 -0.6970
vn -0.1204 0.3856 -0.9148
vn -0.1204 -0.3856 -0.9148
vn -0.0918 -0.7112 -0.6970
vn -0.0490 -0.9267 -0.3725
vn 0.0011 -1.0000 0.0081
vn 0.0508 -0.9210 0.3862
vn 0.0928 -0.7031 0.7050
vn 0.1207 -0.3798 0.9171
vn 0.2394 0.3798 0.8935
vn 0.1841 0.7031 0.6869
vn 0.1008 0.9210 0.3763
vn 0.0021 1.0000 0.0078
vn -0.0972 0.9267 -0.3629
vn -0.1819 0.7112 -0.6790
vn -0.2388 0.3856 -0.8912
vn -0.2388 -0.3856 -0.8912
vn -0.1819 -0.7112 -0.6790
vn -0.0972 -0.9267 -0.3629
vn 0.0021 -1.0000 0.0078
vn 0.1008 -0.9210 0.3763
vn 0.1841 -0.7031 0.6869
vn 0.2394 -0.3798 0.8935
vn 0.3540 0.3798 0.8546
vn 0.2721 0.7031 0.6570
vn 0.1491 0.9210 0.3599
vn 0.0031 1.0000 0.0075
vn -0.1438 0.9267 -0.3471
vn -0.2690 0.7112 -0.6495
vn -0.3531 0.3856 -0.8524
vn -0.3531 -0.3856 -0.8524
vn -0.2690 -0.7112 -0.6495
vn -0.1438 -0.9267 -0.3471
vn 0.0031 -1.0000 0.0075
vn 0.1491 -0.9210 0.3599
vn 0.2721 -0.7031 0.6570
vn 0.3540 -0.3798 0.8546
vn 0.4625 0.3798 0.8011
vn 0.3556 0.7031 0.6158
vn 0.1948 0.9210 0.3374
vn 0.0041 1.0000 0.0070
vn -0.1879 0.9267 -0.3254
vn -0.3515 0.7112 -0.6088
vn -0.4613 0.3856 -0.7991
vn -0.4613 -0.3856 -0.7991
vn -0.3515 -0.7112 -0.6088
vn -0.1879 -0.9267 -0.3254
vn 0.0041 -1.0000 0.0070
vn 0.1948 -0.9210 0.3374
vn 0.3556 -0.7031 0.6158
vn 0.4625 -0.3798 0.8011
vn 0.5631 0.3798 0.7339
vn 0.4329 0.7031 0.5642
vn 0.2372 0.9210 0.3091
vn 0.0049 1.0000 0.0064
vn -0.2287 0.9267 -0.2981
vn -0.4280 0.7112 -0.5577
vn -0.5617 0.3856 -0.7320
vn -0.5617 -0.3856 -0.7320
vn -0.4280 -0.7112 -0.5577
vn -0.2287 -0.9267 -0.2981
vn 0.0049 -1.0000 0.0064
vn 0.2372 -0.9210 0.3091
vn 0.4329 -0.7031 0.5642
vn 0.5631 -0.3798 0.7339
vn 0.6541 0.3798 0.6541
vn 0.5028 0.7031 0.5028
vn 0.2755 0.9210 0.2755
vn 0.0057 1.0000 0.0057
vn -0.2657 0.9267 -0.2657
vn -0.4971 0.7112 -0.4971
vn -0.6524 0.3856 -0.6524
vn -0.6524 -0.3856 -0.6524
vn -0.4971 -0.7112 -0.4971
vn -0.2657 -0.9267 -0.2657
vn 0.0057 -1.0000 0.0057
vn 0.2755 -0.9210 0.2755
vn 0.5028 -0.7031 0.5028
vn 0.6541 -0.3798 0.6541
vn 0.7339 0.3798 0.5631
vn 0.5642 0.7031 0.4329
vn 0.3091 0.9210 0.2372
vn 0.0064 1.0000 0.0049
vn -0.2981 0.9267 -0.2287
vn -0.5577 0.7112 -0.4280
vn -0.7320 0.3856 -0.5617
vn -0.7320 -0.3856 -0.5617
vn -0.5577 -0.7112 -0.4280
vn -0.2981 -0.9267 -0.2287
vn 0.0064 -1.0000 0.0049
vn 0.3091 -0.9210 0.2372
vn 0.5642 -0.7031 0.4329
vn 0.7339 -0.3798 0.5631
vn 0.8011 0.3798 0.4625
vn 0.6158 0.7031 0.3556
vn 0.3374 0.9210 0.1948
vn 0.0070 1.0000 0.0041
vn -0.3254 0.9267 -0.1879
vn -0.6088 0.7112 -0.3515
vn -0.7991 0.3856 -0.4613
vn -0.7991 -0.3856 -0.4613
vn -0.6088 -0.7112 -0.3515
vn -0.3254 -0.9267 -0.1879
vn 0.0070 -1.0000 0.0041
vn 0.3374 -0.9210 0.1948
vn 0.6158 -0.7031 0.3556
vn 0.8011 -0.3798 0.4625
vn 0.8546 0.3798 0.3540
vn 0.6570 0.7031 0.2721
vn 0.3599 0.9210 0.1491
vn 0.0075 1.0000 0.0031
vn -0.3471 0.9267 -0.1438
vn -0.6495 0.7112 -0.2690
vn -0.8524 0.3856 -0.3531
vn -0.8524 -0.3856 -0.3531
vn -0.6495 -0.7112 -0.2690
vn -0.3471 -0.9267 -0.1438
vn 0.0075 -1.0000 0.0031
vn 0.3599 -0.9210 0.1491
vn 0.6570 -0.7031 0.2721
vn 0.8546 -0.3798 0.3540
vn 0.8935 0.3798 0.2394
vn 0.6869 0.7031 0.1841
vn 0.3763 0.9210 0.1008
vn 0.0078 1.0000 0.0021
vn -0.3629 0.9267 -0.0972
vn -0.6790 0.7112 -0.1820
vn -0.8912 0.3856 -0.2388
vn -0.8912 -0.3856 -0.2388
vn -0.6790 -0.7112 -0.1820
vn -0.3629 -0.9267 -0.0972
vn 0.0078 -1.0000 0.0021
vn 0.3763 -0.9210 0.1008
vn 0.6869 -0.7031 0.1841
vn 0.8935 -0.3798 0.2394
vn 0.9171 0.3798 0.1207
vn 0.7050 0.7031 0.0928
vn 0.3862 0.9210 0.0508
vn 0.0081 1.0000 0.0011
vn -0.3725 0.9267 -0.0490
vn -0.6970 0.7112 -0.0918
vn -0.9148 0.3856 -0.1204
vn -0.9148 -0.3856 -0.1204
vn -0.6970 -0.7112 -0.0918
vn -0.3725 -0.9267 -0.0490
vn 0.0081 -1.0000 0.0011
vn 0.3862 -0.9210 0.0508
vn 0.7050 -0.7031 0.0928
vn 0.9171 -0.3798 0.1207
vt 0.520833 0.500000
vt 0.500000 0.562500
vt 0.500000 0.500000
vt 0.520833 0.625000
vt 0.500000 0.625000
vt 0.500000 0.687500
vt 0.520833 0.750000
vt 0.500000 0.750000
vt 0.520833 0.812500
vt 0.500000 0.812500
vt 0.520833 0.875000
vt 0.500000 0.875000
vt 0.500000 0.937500
vt 0.520833 0.937500
vt 0.500000 1.000000
vt 0.520833 0.000000
vt 0.500000 0.062500
vt 0.500000 0.000000
vt 0.520833 0.062500
vt 0.500000 0.125000
vt 0.520833 0.125000
vt 0.500000 0.187500
vt 0.520833 0.187500
vt 0.500000 0.250000
vt 0.520833 0.250000
vt 0.500000 0.312500
vt 0.520833 0.312500
vt 0.500000 0.375000
vt 0.520833 0.375000
vt 0.500000 0.437500
vt 0.520833 0.437500
vt 0.541667 0.562500
vt 0.520833 0.562500
vt 0.541667 0.625000
vt 0.520833 0.687500
vt 0.541667 0.687500
vt 0.541667 0.750000
vt 0.541667 0.812500
vt 0.541667 0.875000
vt 0.541667 0.937500
vt 0.520833 1.000000
vt 0.541667 0.000000
vt 0.541667 0.125000
vt 0.541667 0.187500
vt 0.541667 0.250000
vt 0.541667 0.375000
vt 0.541667 0.437500
vt 0.562500 0.500000
vt 0.541667 0.500000
vt 0.562500 0.625000
vt 0.562500 0.750000
vt 0.562500 0.812500
vt 0.562500 0.937500
vt 0.541667 1.000000
vt 0.562500 0.000000
vt 0.541667 0.062500
vt 0.562500 0.062500
vt 0.562500 0.125000
vt 0.562500 0.187500
vt 0.562500 0.250000
vt 0.541667 0.312500
vt 0.562500 0.312500
vt 0.562500 0.375000
vt 0.562500 0.437500
vt 0.583333 0.562500
vt 0.562500 0.562500
vt 0.583333 0.625000
vt 0.562500 0.687500
vt 0.583333 0.687500
vt 0.583333 0.750000
vt 0.583333 0.812500
vt 0.562500 0.875000
vt 0.583333 0.875000
vt 0.583333 1.000000
vt 0.562500 1.000000
vt 0.583333 0.000000
vt 0.583333 0.062500
vt 0.583333 0.187500
vt 0.583333 0.250000
vt 0.583333 0.312500
vt 0.583333 0.375000
vt 0.583333 0.437500
vt 0.583333 0.500000
vt 0.604167 0.562500
vt 0.604167 0.687500
vt 0.604167 0.750000
vt 0.604167 0.812500
vt 0.604167 0.937500
vt 0.583333 0.937500
vt 0.604167 1.000000
vt 0.604167 0.000000
vt 0.604167 0.062500
vt 0.583333 0.125000
vt 0.604167 0.187500
vt 0.604167 0.250000
vt 0.604167 0.312500
vt 0.604167 0.437500
vt 0.604167 0.500000
vt 0.625000 0.562500
vt 0.604167 0.625000
vt 0.625000 0.687500
vt 0.625000 0.750000
vt 0.625000 0.812500
vt 0.604167 0.875000
vt 0.625000 0.875000
vt 0.625000 0.937500
vt 0.625000 0.062500
vt 0.625000 0.125000
vt 0.604167 0.125000
vt 0.625000 0.250000
vt 0.625000 0.312500
vt 0.604167 0.375000
vt 0.625000 0.437500
vt 0.645833 0.500000
vt 0.625000 0.500000
vt 0.645833 0.625000
vt 0.625000 0.625000
vt 0.645833 0.687500
vt 0.645833 0.750000
vt 0.645833 0.875000
vt 0.645833 0.937500
vt 0.625000 1.000000
vt 0.645833 0.000000
vt 0.625000 0.000000
vt 0.645833 0.125000
vt 0.645833 0.187500
vt 0.625000 0.187500
vt 0.645833 0.250000
vt 0.645833 0.312500
vt 0.625000 0.375000
vt 0.645833 0.375000
vt 0.645833 0.437500
vt 0.666667 0.500000
vt 0.645833 0.562500
vt 0.666667 0.625000
vt 0.666667 0.687500
vt 0.666667 0.750000
vt 0.666667 0.812500
vt 0.645833 0.812500
vt 0.666667 0.937500
vt 0.645833 1.000000
vt 0.666667 0.000000
vt 0.645833 0.062500
vt 0.666667 0.062500
vt 0.666667 0.125000
vt 0.666667 0.187500
vt 0.666667 0.250000
vt 0.666667 0.312500
vt 0.666667 0.375000
vt 0.666667 0.437500
vt 0.687500 0.500000
vt 0.666667 0.562500
vt 0.687500 0.625000
vt 0.687500 0.687500
vt 0.687500 0.750000
vt 0.687500 0.812500
vt 0.666667 0.875000
vt 0.687500 0.875000
vt 0.687500 1.000000
vt 0.666667 1.000000
vt 0.687500 0.000000
vt 0.687500 0.062500
vt 0.687500 0.187500
vt 0.687500 0.250000
vt 0.687500 0.375000
vt 0.708333 0.500000
vt 0.687500 0.562500
vt 0.708333 0.625000
vt 0.708333 0.750000
vt 0.708333 0.812500
vt 0.708333 0.937500
vt 0.687500 0.937500
vt 0.708333 1.000000
vt 0.708333 0.000000
vt 0.708333 0.062500
vt 0.687500 0.125000
vt 0.708333 0.187500
vt 0.708333 0.250000
vt 0.687500 0.312500
vt 0.708333 0.312500
vt 0.708333 0.375000
vt 0.687500 0.437500
vt 0.729167 0.500000
vt 0.708333 0.562500
vt 0.729167 0.562500
vt 0.729167 0.687500
vt 0.708333 0.687500
vt 0.729167 0.750000
vt 0.729167 0.875000
vt 0.708333 0.875000
vt 0.729167 0.937500
vt 0.729167 0.000000
vt 0.729167 0.062500
vt 0.708333 0.125000
vt 0.729167 0.125000
vt 0.729167 0.187500
vt 0.729167 0.250000
vt 0.729167 0.375000
vt 0.729167 0.437500
vt 0.708333 0.437500
vt 0.750000 0.562500
vt 0.729167 0.625000
vt 0.750000 0.625000
vt 0.750000 0.687500
vt 0.750000 0.750000
vt 0.729167 0.812500
vt 0.750000 0.812500
vt 0.750000 0.875000
vt 0.750000 1.000000
vt 0.729167 1.000000
vt 0.750000 0.000000
vt 0.750000 0.062500
vt 0.750000 0.125000
vt 0.750000 0.187500
vt 0.750000 0.312500
vt 0.729167 0.312500
vt 0.750000 0.375000
vt 0.750000 0.437500
vt 0.770833 0.500000
vt 0.750000 0.500000
vt 0.770833 0.562500
vt 0.770833 0.625000
vt 0.770833 0.687500
vt 0.770833 0.812500
vt 0.770833 0.875000
vt 0.770833 0.937500
vt 0.750000 0.937500
vt 0.770833 0.062500
vt 0.770833 0.125000
vt 0.770833 0.250000
vt 0.750000 0.250000
vt 0.770833 0.312500
vt 0.770833 0.375000
vt 0.770833 0.437500
vt 0.791667 0.562500
vt 0.791667 0.625000
vt 0.791667 0.687500
vt 0.770833 0.750000
vt 0.791667 0.750000
vt 0.791667 0.812500
vt 0.791667 0.875000
vt 0.791667 0.937500
vt 0.770833 1.000000
vt 0.791667 0.000000
vt 0.770833 0.000000
vt 0.791667 0.062500
vt 0.791667 0.125000
vt 0.770833 0.187500
vt 0.791667 0.250000
vt 0.791667 0.312500
vt 0.791667 0.375000
vt 0.791667 0.437500
vt 0.791667 0.500000
vt 0.812500 0.562500
vt 0.812500 0.625000
vt 0.812500 0.687500
vt 0.812500 0.750000
vt 0.812500 0.812500
vt 0.812500 0.875000
vt 0.812500 1.000000
vt 0.791667 1.000000
vt 0.812500 0.000000
vt 0.812500 0.062500
vt 0.812500 0.187500
vt 0.791667 0.187500
vt 0.812500 0.250000
vt 0.812500 0.375000
vt 0.812500 0.437500
vt 0.833333 0.500000
vt 0.812500 0.500000
vt 0.833333 0.562500
vt 0.833333 0.687500
vt 0.833333 0.812500
vt 0.833333 0.875000
vt 0.812500 0.937500
vt 0.833333 0.937500
vt 0.833333 0.000000
vt 0.833333 0.125000
vt 0.812500 0.125000
vt 0.833333 0.187500
vt 0.833333 0.250000
vt 0.812500 0.312500
vt 0.833333 0.375000
vt 0.833333 0.437500
vt 0.854167 0.500000
vt 0.854167 0.562500
vt 0.833333 0.625000
vt 0.854167 0.625000
vt 0.854167 0.687500
vt 0.833333 0.750000
vt 0.854167 0.750000
vt 0.854167 0.812500
vt 0.854167 0.875000
vt 0.854167 1.000000
vt 0.833333 1.000000
vt 0.854167 0.000000
vt 0.833333 0.062500
vt 0.854167 0.125000
vt 0.854167 0.187500
vt 0.854167 0.312500
vt 0.833333 0.312500
vt 0.854167 0.375000
vt 0.854167 0.437500
vt 0.875000 0.500000
vt 0.875000 0.562500
vt 0.875000 0.687500
vt 0.875000 0.750000
vt 0.875000 0.812500
vt 0.875000 0.875000
vt 0.854167 0.937500
vt 0.875000 0.937500
vt 0.875000 0.062500
vt 0.854167 0.062500
vt 0.875000 0.125000
vt 0.875000 0.187500
vt 0.854167 0.250000
vt 0.875000 0.250000
vt 0.875000 0.375000
vt 0.875000 0.437500
vt 0.895833 0.500000
vt 0.895833 0.562500
vt 0.875000 0.625000
vt 0.895833 0.625000
vt 0.895833 0.687500
vt 0.895833 0.750000
vt 0.895833 0.812500
vt 0.895833 0.937500
vt 0.875000 1.000000
vt 0.895833 0.000000
vt 0.875000 0.000000
vt 0.895833 0.062500
vt 0.895833 0.187500
vt 0.895833 0.312500
vt 0.875000 0.312500
vt 0.895833 0.375000
vt 0.916667 0.500000
vt 0.916667 0.625000
vt 0.916667 0.687500
vt 0.916667 0.812500
vt 0.916667 0.875000
vt 0.895833 0.875000
vt 0.916667 0.937500
vt 0.916667 1.000000
vt 0.895833 1.000000
vt 0.916667 0.000000
vt 0.916667 0.062500
vt 0.895833 0.125000
vt 0.916667 0.125000
vt 0.916667 0.187500
vt 0.895833 0.250000
vt 0.916667 0.312500
vt 0.916667 0.375000
vt 0.895833 0.437500
vt 0.937500 0.500000
vt 0.916667 0.562500
vt 0.937500 0.625000
vt 0.937500 0.687500
vt 0.916667 0.750000
vt 0.937500 0.750000
vt 0.937500 0.812500
vt 0.937500 0.875000
vt 0.937500 0.937500
vt 0.937500 0.000000
vt 0.937500 0.125000
vt 0.937500 0.187500
vt 0.916667 0.250000
vt 0.937500 0.312500
vt 0.937500 0.375000
vt 0.916667 0.437500
vt 0.958333 0.500000
vt 0.937500 0.562500
vt 0.958333 0.562500
vt 0.958333 0.625000
vt 0.958333 0.687500
vt 0.958333 0.812500
vt 0.958333 0.875000
vt 0.958333 0.937500
vt 0.937500 1.000000
vt 0.958333 0.000000
vt 0.937500 0.062500
vt 0.958333 0.062500
vt 0.958333 0.125000
vt 0.958333 0.187500
vt 0.937500 0.250000
vt 0.958333 0.250000
vt 0.958333 0.375000
vt 0.937500 0.437500
vt 0.958333 0.437500
vt 0.979167 0.500000
vt 0.979167 0.562500
vt 0.979167 0.687500
vt 0.958333 0.750000
vt 0.979167 0.750000
vt 0.979167 0.812500
vt 0.979167 0.875000
vt 0.979167 0.937500
vt 0.958333 1.000000
vt 0.979167 0.000000
vt 0.979167 0.125000
vt 0.979167 0.187500
vt 0.979167 0.250000
vt 0.958333 0.312500
vt 0.979167 0.312500
vt 0.979167 0.437500
vt 1.000000 0.500000
vt 1.000000 0.625000
vt 0.979167 0.625000
vt 1.000000 0.687500
vt 1.000000 0.812500
vt 1.000000 0.875000
vt 1.000000 0.937500
vt 0.979167 1.000000
vt 1.000000 0.000000
vt 0.979167 0.062500
vt 1.000000 0.062500
vt 1.000000 0.125000
vt 1.000000 0.187500
vt 1.000000 0.250000
vt 1.000000 0.312500
vt 0.979167 0.375000
vt 1.000000 0.375000
vt 1.000000 0.437500
vt 0.020833 0.500000
vt 0.000000 0.562500
vt 0.000000 0.500000
vt 0.020833 0.562500
vt 0.000000 0.625000
vt 0.020833 0.625000
vt 0.000000 0.687500
vt 0.020833 0.687500
vt 0.000000 0.750000
vt 0.020833 0.750000
vt 0.000000 0.812500
vt 0.020833 0.875000
vt 0.000000 0.875000
vt 0.020833 0.937500
vt 0.000000 0.937500
vt 0.000000 1.000000
vt 0.000000 0.000000
vt 0.020833 0.062500
vt 0.000000 0.062500
vt 0.020833 0.125000
vt 0.000000 0.125000
vt 0.000000 0.187500
vt 0.020833 0.187500
vt 0.000000 0.250000
vt 0.020833 0.312500
vt 0.000000 0.312500
vt 0.020833 0.375000
vt 0.000000 0.375000
vt 0.020833 0.437500
vt 0.000000 0.437500
vt 0.041667 0.500000
vt 0.041667 0.625000
vt 0.041667 0.687500
vt 0.041667 0.750000
vt 0.041667 0.812500
vt 0.020833 0.812500
vt 0.041667 0.875000
vt 0.041667 0.937500
vt 0.020833 1.000000
vt 0.041667 0.000000
vt 0.020833 0.000000
vt 0.041667 0.062500
vt 0.041667 0.125000
vt 0.041667 0.187500
vt 0.020833 0.250000
vt 0.041667 0.250000
vt 0.041667 0.375000
vt 0.041667 0.437500
vt 0.062500 0.562500
vt 0.041667 0.562500
vt 0.062500 0.687500
vt 0.062500 0.750000
vt 0.062500 0.875000
vt 0.062500 0.937500
vt 0.062500 1.000000
vt 0.041667 1.000000
vt 0.062500 0.000000
vt 0.062500 0.062500
vt 0.062500 0.125000
vt 0.062500 0.187500
vt 0.062500 0.250000
vt 0.041667 0.312500
vt 0.062500 0.312500
vt 0.062500 0.437500
vt 0.083333 0.500000
vt 0.062500 0.500000
vt 0.083333 0.562500
vt 0.062500 0.625000
vt 0.083333 0.687500
vt 0.083333 0.750000
vt 0.062500 0.812500
vt 0.083333 0.875000
vt 0.083333 0.937500
vt 0.083333 0.000000
vt 0.083333 0.125000
vt 0.083333 0.187500
vt 0.083333 0.250000
vt 0.083333 0.312500
vt 0.062500 0.375000
vt 0.083333 0.375000
vt 0.083333 0.437500
vt 0.104167 0.500000
vt 0.104167 0.562500
vt 0.083333 0.625000
vt 0.104167 0.687500
vt 0.104167 0.750000
vt 0.083333 0.812500
vt 0.104167 0.812500
vt 0.104167 0.875000
vt 0.104167 1.000000
vt 0.083333 1.000000
vt 0.104167 0.000000
vt 0.083333 0.062500
vt 0.104167 0.125000
vt 0.104167 0.187500
vt 0.104167 0.312500
vt 0.104167 0.375000
vt 0.125000 0.500000
vt 0.125000 0.562500
vt 0.104167 0.625000
vt 0.125000 0.687500
vt 0.125000 0.750000
vt 0.125000 0.875000
vt 0.104167 0.937500
vt 0.125000 0.937500
vt 0.125000 0.000000
vt 0.104167 0.062500
vt 0.125000 0.125000
vt 0.125000 0.187500
vt 0.104167 0.250000
vt 0.125000 0.250000
vt 0.125000 0.312500
vt 0.125000 0.437500
vt 0.104167 0.437500
vt 0.145833 0.500000
vt 0.145833 0.625000
vt 0.125000 0.625000
vt 0.145833 0.687500
vt 0.145833 0.750000
vt 0.125000 0.812500
vt 0.145833 0.875000
vt 0.145833 0.937500
vt 0.145833 1.000000
vt 0.125000 1.000000
vt 0.145833 0.000000
vt 0.125000 0.062500
vt 0.145833 0.062500
vt 0.145833 0.125000
vt 0.145833 0.250000
vt 0.145833 0.312500
vt 0.125000 0.375000
vt 0.145833 0.375000
vt 0.145833 0.437500
vt 0.166667 0.562500
vt 0.145833 0.562500
vt 0.166667 0.687500
vt 0.166667 0.812500
vt 0.145833 0.812500
vt 0.166667 0.875000
vt 0.166667 0.937500
vt 0.166667 0.000000
vt 0.166667 0.062500
vt 0.166667 0.187500
vt 0.145833 0.187500
vt 0.166667 0.250000
vt 0.166667 0.312500
vt 0.166667 0.437500
vt 0.187500 0.500000
vt 0.166667 0.500000
vt 0.187500 0.625000
vt 0.166667 0.625000
vt 0.187500 0.687500
vt 0.166667 0.750000
vt 0.187500 0.750000
vt 0.187500 0.812500
vt 0.187500 0.937500
vt 0.166667 1.000000
vt 0.187500 0.000000
vt 0.187500 0.062500
vt 0.166667 0.125000
vt 0.187500 0.125000
vt 0.187500 0.250000
vt 0.187500 0.312500
vt 0.166667 0.375000
vt 0.187500 0.375000
vt 0.187500 0.437500
vt 0.208333 0.500000
vt 0.187500 0.562500
vt 0.208333 0.562500
vt 0.208333 0.625000
vt 0.208333 0.687500
vt 0.208333 0.750000
vt 0.208333 0.812500
vt 0.187500 0.875000
vt 0.208333 0.875000
vt 0.208333 0.937500
vt 0.187500 1.000000
vt 0.208333 0.000000
vt 0.208333 0.062500
vt 0.208333 0.187500
vt 0.187500 0.187500
vt 0.208333 0.250000
vt 0.208333 0.312500
vt 0.208333 0.375000
vt 0.229167 0.562500
vt 0.229167 0.625000
vt 0.229167 0.687500
vt 0.229167 0.750000
vt 0.229167 0.812500
vt 0.229167 0.875000
vt 0.229167 0.937500
vt 0.208333 1.000000
vt 0.229167 0.062500
vt 0.208333 0.125000
vt 0.229167 0.187500
vt 0.229167 0.250000
vt 0.229167 0.312500
vt 0.229167 0.437500
vt 0.208333 0.437500
vt 0.250000 0.500000
vt 0.229167 0.500000
vt 0.250000 0.562500
vt 0.250000 0.687500
vt 0.250000 0.812500
vt 0.250000 0.875000
vt 0.250000 1.000000
vt 0.229167 1.000000
vt 0.250000 0.000000
vt 0.229167 0.000000
vt 0.250000 0.062500
vt 0.229167 0.125000
vt 0.250000 0.125000
vt 0.250000 0.187500
vt 0.250000 0.250000
vt 0.250000 0.312500
vt 0.229167 0.375000
vt 0.250000 0.375000
vt 0.250000 0.437500
vt 0.270833 0.500000
vt 0.270833 0.625000
vt 0.250000 0.625000
vt 0.270833 0.750000
vt 0.250000 0.750000
vt 0.270833 0.812500
vt 0.270833 0.875000
vt 0.250000 0.937500
vt 0.270833 0.937500
vt 0.270833 0.062500
vt 0.270833 0.125000
vt 0.270833 0.187500
vt 0.270833 0.250000
vt 0.270833 0.312500
vt 0.270833 0.375000
vt 0.270833 0.437500
vt 0.291667 0.562500
vt 0.270833 0.562500
vt 0.291667 0.625000
vt 0.270833 0.687500
vt 0.291667 0.687500
vt 0.291667 0.750000
vt 0.291667 0.875000
vt 0.291667 0.937500
vt 0.270833 1.000000
vt 0.291667 0.000000
vt 0.270833 0.000000
vt 0.291667 0.062500
vt 0.291667 0.125000
vt 0.291667 0.187500
vt 0.291667 0.312500
vt 0.291667 0.375000
vt 0.291667 0.437500
vt 0.291667 0.500000
vt 0.312500 0.562500
vt 0.312500 0.625000
vt 0.312500 0.750000
vt 0.312500 0.812500
vt 0.291667 0.812500
vt 0.312500 0.875000
vt 0.312500 0.937500
vt 0.291667 1.000000
vt 0.312500 0.000000
vt 0.312500 0.062500
vt 0.312500 0.125000
vt 0.312500 0.187500
vt 0.291667 0.250000
vt 0.312500 0.250000
vt 0.312500 0.312500
vt 0.312500 0.375000
vt 0.312500 0.437500
vt 0.312500 0.500000
vt 0.333333 0.562500
vt 0.333333 0.687500
vt 0.312500 0.687500
vt 0.333333 0.750000
vt 0.333333 0.875000
vt 0.333333 0.937500
vt 0.312500 1.000000
vt 0.333333 0.062500
vt 0.333333 0.125000
vt 0.333333 0.187500
vt 0.333333 0.250000
vt 0.333333 0.312500
vt 0.333333 0.375000
vt 0.333333 0.437500
vt 0.354167 0.500000
vt 0.333333 0.500000
vt 0.354167 0.562500
vt 0.333333 0.625000
vt 0.354167 0.687500
vt 0.354167 0.750000
vt 0.333333 0.812500
vt 0.354167 0.812500
vt 0.354167 0.875000
vt 0.354167 0.937500
vt 0.333333 1.000000
vt 0.354167 0.000000
vt 0.333333 0.000000
vt 0.354167 0.125000
vt 0.354167 0.187500
vt 0.354167 0.250000
vt 0.354167 0.312500
vt 0.354167 0.437500
vt 0.375000 0.562500
vt 0.354167 0.625000
vt 0.375000 0.687500
vt 0.375000 0.750000
vt 0.375000 0.812500
vt 0.375000 0.875000
vt 0.375000 0.937500
vt 0.375000 1.000000
vt 0.354167 1.000000
vt 0.375000 0.000000
vt 0.354167 0.062500
vt 0.375000 0.062500
vt 0.375000 0.125000
vt 0.375000 0.187500
vt 0.375000 0.250000
vt 0.375000 0.312500
vt 0.354167 0.375000
vt 0.375000 0.375000
vt 0.375000 0.437500
vt 0.395833 0.500000
vt 0.375000 0.500000
vt 0.395833 0.625000
vt 0.375000 0.625000
vt 0.395833 0.687500
vt 0.395833 0.750000
vt 0.395833 0.812500
vt 0.395833 0.937500
vt 0.395833 0.000000
vt 0.395833 0.062500
vt 0.395833 0.125000
vt 0.395833 0.187500
vt 0.395833 0.312500
vt 0.395833 0.375000
vt 0.395833 0.437500
vt 0.416667 0.500000
vt 0.395833 0.562500
vt 0.416667 0.625000
vt 0.416667 0.687500
vt 0.416667 0.750000
vt 0.416667 0.875000
vt 0.395833 0.875000
vt 0.416667 0.937500
vt 0.395833 1.000000
vt 0.416667 0.062500
vt 0.416667 0.125000
vt 0.416667 0.250000
vt 0.395833 0.250000
vt 0.416667 0.312500
vt 0.416667 0.375000
vt 0.437500 0.500000
vt 0.416667 0.562500
vt 0.437500 0.625000
vt 0.437500 0.687500
vt 0.437500 0.750000
vt 0.437500 0.812500
vt 0.416667 0.812500
vt 0.437500 0.875000
vt 0.437500 0.937500
vt 0.416667 1.000000
vt 0.416667 0.000000
vt 0.437500 0.062500
vt 0.437500 0.125000
vt 0.416667 0.187500
vt 0.437500 0.187500
vt 0.437500 0.250000
vt 0.437500 0.312500
vt 0.437500 0.375000
vt 0.416667 0.437500
vt 0.458333 0.500000
vt 0.437500 0.562500
vt 0.458333 0.562500
vt 0.458333 0.625000
vt 0.458333 0.687500
vt 0.458333 0.750000
vt 0.458333 0.812500
vt 0.458333 0.875000
vt 0.458333 0.937500
vt 0.437500 1.000000
vt 0.437500 0.000000
vt 0.458333 0.062500
vt 0.458333 0.125000
vt 0.458333 0.187500
vt 0.458333 0.250000
vt 0.458333 0.312500
vt 0.458333 0.437500
vt 0.437500 0.437500
vt 0.479167 0.562500
vt 0.479167 0.625000
vt 0.479167 0.750000
vt 0.479167 0.812500
vt 0.479167 0.875000
vt 0.479167 0.937500
vt 0.458333 1.000000
vt 0.479167 0.000000
vt 0.458333 0.000000
vt 0.479167 0.062500
vt 0.479167 0.125000
vt 0.479167 0.187500
vt 0.479167 0.250000
vt 0.479167 0.312500
vt 0.458333 0.375000
vt 0.479167 0.375000
vt 0.479167 0.437500
vt 0.479167 0.500000
vt 0.479167 0.687500
vt 0.479167 1.000000
vt 1.000000 0.562500
vt 1.000000 0.750000
vt 1.000000 1.000000
s 1
f 17/1/17 2/2/2 1/3/1
f 2/2/2 19/4/19 3/5/3
f 19/4/19 4/6/4 3/5/3
f 4/6/4 21/7/21 5/8/5
f 5/8/5 22/9/22 6/10/6
f 6/10/6 23/11/23 7/12/7
f 23/11/23 8/13/8 7/12/7
f 24/14/24 9/15/9 8/13/8
f 25/16/25 10/17/10 9/18/9
f 26/19/26 11/20/11 10/17/10
f 27/21/27 12/22/12 11/20/11
f 28/23/28 13/24/13 12/22/12
f 29/25/29 14/26/14 13/24/13
f 30/27/30 15/28/15 14/26/14
f 31/29/31 16/30/16 15/28/15
f 32/31/32 1/3/1 16/30/16
f 17/1/17 34/32/34 18/33/18
f 34/32/34 19/4/19 18/33/18
f 35/34/35 20/35/20 19/4/19
f 36/36/36 21/7/21 20/35/20
f 37/37/37 22/9/22 21/7/21
f 38/38/38 23/11/23 22/9/22
f 39/39/39 24/14/24 23/11/23
f 40/40/40 25/41/25 24/14/24
f 41/42/41 26/19/26 25/16/25
f 26/19/26 43/43/43 27/21/27
f 27/21/27 44/44/44 28/23/28
f 28/23/28 45/45/45 29/25/29
f 45/45/45 30/27/30 29/25/29
f 30/27/30 47/46/47 31/29/31
f 31/29/31 48/47/48 32/31/32
f 48/47/48 17/1/17 32/31/32
f 49/48/49 34/32/34 33/49/33
f 34/32/34 51/50/51 35/34/35
f 51/50/51 36/36/36 35/34/35
f 36/36/36 53/51/53 37/37/37
f 37/37/37 54/52/54 38/38/38
f 54/52/54 39/39/39 38/38/38
f 39/39/39 56/53/56 40/40/40
f 56/53/56 41/54/41 40/40/40
f 57/55/57 42/56/42 41/42/41
f 58/57/58 43/43/43 42/56/42
f 59/58/59 44/44/44 43/43/43
f 60/59/60 45/45/45 44/44/44
f 61/60/61 46/61/46 45/45/45
f 62/62/62 47/46/47 46/61/46
f 63/63/63 48/47/48 47/46/47
f 64/64/64 33/49/33 48/47/48
f 49/48/49 66/65/66 50/66/50
f 66/65/66 51/50/51 50/66/50
f 67/67/67 52/68/52 51/50/51
f 68/69/68 53/51/53 52/68/52
f 69/70/69 54/52/54 53/51/53
f 70/71/70 55/72/55 54/52/54
f 71/73/71 56/53/56 55/72/55
f 56/53/56 73/74/73 57/75/57
f 73/76/73 58/57/58 57/55/57
f 74/77/74 59/58/59 58/57/58
f 59/58/59 76/78/76 60/59/60
f 60/59/60 77/79/77 61/60/61
f 61/60/61 78/80/78 62/62/62
f 62/62/62 79/81/79 63/63/63
f 63/63/63 80/82/80 64/64/64
f 80/82/80 49/48/49 64/64/64
f 65/83/65 82/84/82 66/65/66
f 82/84/82 67/67/67 66/65/66
f 67/67/67 84/85/84 68/69/68
f 68/69/68 85/86/85 69/70/69
f 85/86/85 70/71/70 69/70/69
f 86/87/86 71/73/71 70/71/70
f 71/73/71 88/88/88 72/89/72
f 72/89/72 89/90/89 73/74/73
f 89/91/89 74/77/74 73/76/73
f 90/92/90 75/93/75 74/77/74
f 75/93/75 92/94/92 76/78/76
f 92/94/92 77/79/77 76/78/76
f 93/95/93 78/80/78 77/79/77
f 94/96/94 79/81/79 78/80/78
f 79/81/79 96/97/96 80/82/80
f 96/97/96 65/83/65 80/82/80
f 81/98/81 98/99/98 82/84/82
f 98/99/98 83/100/83 82/84/82
f 83/100/83 100/101/100 84/85/84
f 100/101/100 85/86/85 84/85/84
f 101/102/101 86/87/86 85/86/85
f 102/103/102 87/104/87 86/87/86
f 103/105/103 88/88/88 87/104/87
f 104/106/104 89/90/89 88/88/88
f 89/91/89 106/107/106 90/92/90
f 90/92/90 107/108/107 91/109/91
f 107/108/107 92/94/92 91/109/91
f 92/94/92 109/110/109 93/95/93
f 109/110/109 94/96/94 93/95/93
f 110/111/110 95/112/95 94/96/94
f 95/112/95 112/113/112 96/97/96
f 112/113/112 81/98/81 96/97/96
f 113/114/113 98/99/98 97/115/97
f 98/99/98 115/116/115 99/117/99
f 99/117/99 116/118/116 100/101/100
f 100/101/100 117/119/117 101/102/101
f 117/119/117 102/103/102 101/102/101
f 102/103/102 119/120/119 103/105/103
f 119/120/119 104/106/104 103/105/103
f 120/121/120 105/122/105 104/106/104
f 121/123/121 106/107/106 105/124/105
f 106/107/106 123/125/123 107/108/107
f 107/108/107 124/126/124 108/127/108
f 108/127/108 125/128/125 109/110/109
f 125/128/125 110/111/110 109/110/109
f 126/129/126 111/130/111 110/111/110
f 127/131/127 112/113/112 111/130/111
f 128/132/128 97/115/97 112/113/112
f 129/133/129 114/134/114 113/114/113
f 114/134/114 131/135/131 115/116/115
f 115/116/115 132/136/132 116/118/116
f 116/118/116 133/137/133 117/119/117
f 117/119/117 134/138/134 118/139/118
f 134/138/134 119/120/119 118/139/118
f 119/120/119 136/140/136 120/121/120
f 136/140/136 121/141/121 120/121/120
f 137/142/137 122/143/122 121/123/121
f 138/144/138 123/125/123 122/143/122
f 139/145/139 124/126/124 123/125/123
f 140/146/140 125/128/125 124/126/124
f 141/147/141 126/129/126 125/128/125
f 142/148/142 127/131/127 126/129/126
f 143/149/143 128/132/128 127/131/127
f 144/150/144 113/114/113 128/132/128
f 145/151/145 130/152/130 129/133/129
f 130/152/130 147/153/147 131/135/131
f 147/153/147 132/136/132 131/135/131
f 148/154/148 133/137/133 132/136/132
f 149/155/149 134/138/134 133/137/133
f 150/156/150 135/157/135 134/138/134
f 151/158/151 136/140/136 135/157/135
f 136/140/136 153/159/153 137/160/137
f 153/161/153 138/144/138 137/142/137
f 154/162/154 139/145/139 138/144/138
f 139/145/139 156/163/156 140/146/140
f 156/163/156 141/147/141 140/146/140
f 157/164/157 142/148/142 141/147/141
f 142/148/142 159/165/159 143/149/143
f 159/165/159 144/150/144 143/149/143
f 144/150/144 145/151/145 129/133/129
f 161/166/161 146/167/146 145/151/145
f 146/167/146 163/168/163 147/153/147
f 163/168/163 148/154/148 147/153/147
f 148/154/148 165/169/165 149/155/149
f 165/169/165 150/156/150 149/155/149
f 166/170/166 151/158/151 150/156/150
f 151/158/151 168/171/168 152/172/152
f 152/172/152 169/173/169 153/159/153
f 169/174/169 154/162/154 153/161/153
f 170/175/170 155/176/155 154/162/154
f 155/176/155 172/177/172 156/163/156
f 156/163/156 173/178/173 157/164/157
f 173/178/173 158/179/158 157/164/157
f 174/180/174 159/165/159 158/179/158
f 175/181/175 160/182/160 159/165/159
f 160/182/160 161/166/161 145/151/145
f 177/183/177 162/184/162 161/166/161
f 178/185/178 163/168/163 162/184/162
f 163/168/163 180/186/180 164/187/164
f 180/186/180 165/169/165 164/187/164
f 181/188/181 166/170/166 165/169/165
f 166/170/166 183/189/183 167/190/167
f 183/189/183 168/171/168 167/190/167
f 184/191/184 169/173/169 168/171/168
f 185/192/185 170/175/170 169/174/169
f 186/193/186 171/194/171 170/175/170
f 187/195/187 172/177/172 171/194/171
f 188/196/188 173/178/173 172/177/172
f 189/197/189 174/180/174 173/178/173
f 174/180/174 191/198/191 175/181/175
f 175/181/175 192/199/192 176/200/176
f 192/199/192 161/166/161 176/200/176
f 177/183/177 194/201/194 178/185/178
f 194/201/194 179/202/179 178/185/178
f 195/203/195 180/186/180 179/202/179
f 196/204/196 181/188/181 180/186/180
f 197/205/197 182/206/182 181/188/181
f 198/207/198 183/189/183 182/206/182
f 199/208/199 184/191/184 183/189/183
f 184/191/184 201/209/201 185/210/185
f 201/211/201 186/193/186 185/192/185
f 202/212/202 187/195/187 186/193/186
f 203/213/203 188/196/188 187/195/187
f 204/214/204 189/197/189 188/196/188
f 189/197/189 206/215/206 190/216/190
f 190/216/190 207/217/207 191/198/191
f 191/198/191 208/218/208 192/199/192
f 208/218/208 177/183/177 192/199/192
f 209/219/209 194/201/194 193/220/193
f 210/221/210 195/203/195 194/201/194
f 211/222/211 196/204/196 195/203/195
f 212/223/212 197/205/197 196/204/196
f 197/205/197 214/224/214 198/207/198
f 198/207/198 215/225/215 199/208/199
f 199/208/199 216/226/216 200/227/200
f 216/226/216 201/209/201 200/227/200
f 201/211/201 218/228/218 202/212/202
f 202/212/202 219/229/219 203/213/203
f 219/229/219 204/214/204 203/213/203
f 204/214/204 221/230/221 205/231/205
f 205/231/205 222/232/222 206/215/206
f 206/215/206 223/233/223 207/217/207
f 223/233/223 208/218/208 207/217/207
f 224/234/224 193/220/193 208/218/208
f 209/219/209 226/235/226 210/221/210
f 226/235/226 211/222/211 210/221/210
f 227/236/227 212/223/212 211/222/211
f 228/237/228 213/238/213 212/223/212
f 229/239/229 214/224/214 213/238/213
f 230/240/230 215/225/215 214/224/214
f 231/241/231 216/226/216 215/225/215
f 232/242/232 217/243/217 216/226/216
f 233/244/233 218/228/218 217/245/217
f 234/246/234 219/229/219 218/228/218
f 235/247/235 220/248/220 219/229/219
f 220/248/220 237/249/237 221/230/221
f 237/249/237 222/232/222 221/230/221
f 238/250/238 223/233/223 222/232/222
f 239/251/239 224/234/224 223/233/223
f 240/252/240 209/219/209 224/234/224
f 225/253/225 242/254/242 226/235/226
f 242/254/242 227/236/227 226/235/226
f 243/255/243 228/237/228 227/236/227
f 244/256/244 229/239/229 228/237/228
f 245/257/245 230/240/230 229/239/229
f 246/258/246 231/241/231 230/240/230
f 247/259/247 232/242/232 231/241/231
f 232/242/232 249/260/249 233/261/233
f 249/262/249 234/246/234 233/244/233
f 250/263/250 235/247/235 234/246/234
f 235/247/235 252/264/252 236/265/236
f 236/265/236 253/266/253 237/249/237
f 253/266/253 238/250/238 237/249/237
f 238/250/238 255/267/255 239/251/239
f 239/251/239 256/268/256 240/252/240
f 256/268/256 225/253/225 240/252/240
f 257/269/257 242/254/242 241/270/241
f 258/271/258 243/255/243 242/254/242
f 243/255/243 260/272/260 244/256/244
f 260/272/260 245/257/245 244/256/244
f 245/257/245 262/273/262 246/258/246
f 262/273/262 247/259/247 246/258/246
f 263/274/263 248/275/248 247/259/247
f 264/276/264 249/260/249 248/275/248
f 265/277/265 250/263/250 249/262/249
f 250/263/250 267/278/267 251/279/251
f 267/278/267 252/264/252 251/279/251
f 268/280/268 253/266/253 252/264/252
f 269/281/269 254/282/254 253/266/253
f 254/282/254 271/283/271 255/267/255
f 255/267/255 272/284/272 256/268/256
f 272/284/272 241/270/241 256/268/256
f 273/285/273 258/271/258 257/269/257
f 274/286/274 259/287/259 258/271/258
f 275/288/275 260/272/260 259/287/259
f 276/289/276 261/290/261 260/272/260
f 277/291/277 262/273/262 261/290/261
f 278/292/278 263/274/263 262/273/262
f 279/293/279 264/276/264 263/274/263
f 264/276/264 281/294/281 265/295/265
f 281/296/281 266/297/266 265/277/265
f 266/297/266 283/298/283 267/278/267
f 267/278/267 284/299/284 268/280/268
f 284/299/284 269/281/269 268/280/268
f 269/281/269 286/300/286 270/301/270
f 270/301/270 287/302/287 271/283/271
f 271/283/271 288/303/288 272/284/272
f 272/284/272 273/285/273 257/269/257
f 289/304/289 274/286/274 273/285/273
f 290/305/290 275/288/275 274/286/274
f 275/288/275 292/306/292 276/289/276
f 276/289/276 293/307/293 277/291/277
f 277/291/277 294/308/294 278/292/278
f 294/308/294 279/293/279 278/292/278
f 295/309/295 280/310/280 279/293/279
f 296/311/296 281/294/281 280/310/280
f 281/296/281 298/312/298 282/313/282
f 282/313/282 299/314/299 283/298/283
f 283/298/283 300/315/300 284/299/284
f 300/315/300 285/316/285 284/299/284
f 301/317/301 286/300/286 285/316/285
f 286/300/286 303/318/303 287/302/287
f 287/302/287 304/319/304 288/303/288
f 304/319/304 273/285/273 288/303/288
f 305/320/305 290/305/290 289/304/289
f 306/321/306 291/322/291 290/305/290
f 307/323/307 292/306/292 291/322/291
f 308/324/308 293/307/293 292/306/292
f 309/325/309 294/308/294 293/307/293
f 310/326/310 295/309/295 294/308/294
f 295/309/295 312/327/312 296/311/296
f 312/327/312 297/328/297 296/311/296
f 313/329/313 298/312/298 297/330/297
f 314/331/314 299/314/299 298/312/298
f 299/314/299 316/332/316 300/315/300
f 316/332/316 301/317/301 300/315/300
f 301/317/301 318/333/318 302/334/302
f 302/334/302 319/335/319 303/318/303
f 319/335/319 304/319/304 303/318/303
f 304/319/304 305/320/305 289/304/289
f 321/336/321 306/321/306 305/320/305
f 306/321/306 323/337/323 307/323/307
f 323/337/323 308/324/308 307/323/307
f 324/338/324 309/325/309 308/324/308
f 309/325/309 326/339/326 310/326/310
f 310/326/310 327/340/327 311/341/311
f 311/341/311 328/342/328 312/327/312
f 312/327/312 329/343/329 313/344/313
f 329/345/329 314/331/314 313/329/313
f 330/346/330 315/347/315 314/331/314
f 331/348/331 316/332/316 315/347/315
f 332/349/332 317/350/317 316/332/316
f 317/350/317 334/351/334 318/333/318
f 334/351/334 319/335/319 318/333/318
f 335/352/335 320/353/320 319/335/319
f 320/353/320 321/336/321 305/320/305
f 337/354/337 322/355/322 321/336/321
f 322/355/322 339/356/339 323/337/323
f 339/356/339 324/338/324 323/337/323
f 340/357/340 325/358/325 324/338/324
f 341/359/341 326/339/326 325/358/325
f 342/360/342 327/340/327 326/339/326
f 343/361/343 328/342/328 327/340/327
f 344/362/344 329/343/329 328/342/328
f 345/363/345 330/346/330 329/345/329
f 330/346/330 347/364/347 331/348/331
f 347/364/347 332/349/332 331/348/331
f 348/365/348 333/366/333 332/349/332
f 333/366/333 350/367/350 334/351/334
f 350/367/350 335/352/335 334/351/334
f 351/368/351 336/369/336 335/352/335
f 336/369/336 337/354/337 321/336/321
f 353/370/353 338/371/338 337/354/337
f 354/372/354 339/356/339 338/371/338
f 355/373/355 340/357/340 339/356/339
f 356/374/356 341/359/341 340/357/340
f 341/359/341 358/375/358 342/360/342
f 342/360/342 359/376/359 343/361/343
f 343/361/343 360/377/360 344/362/344
f 360/377/360 345/378/345 344/362/344
f 361/379/361 346/380/346 345/363/345
f 362/381/362 347/364/347 346/380/346
f 363/382/363 348/365/348 347/364/347
f 364/383/364 349/384/349 348/365/348
f 365/385/365 350/367/350 349/384/349
f 350/367/350 367/386/367 351/368/351
f 367/386/367 352/387/352 351/368/351
f 368/388/368 337/354/337 352/387/352
f 369/389/369 354/372/354 353/370/353
f 370/390/370 355/373/355 354/372/354
f 355/373/355 372/391/372 356/374/356
f 372/391/372 357/392/357 356/374/356
f 373/393/373 358/375/358 357/392/357
f 374/394/374 359/376/359 358/375/358
f 375/395/375 360/377/360 359/376/359
f 376/396/376 361/397/361 360/377/360
f 377/398/377 362/381/362 361/379/361
f 362/381/362 379/399/379 363/382/363
f 363/382/363 380/400/380 364/383/364
f 380/400/380 365/385/365 364/383/364
f 381/401/381 366/402/366 365/385/365
f 382/403/382 367/386/367 366/402/366
f 367/386/367 384/404/384 368/388/368
f 384/404/384 353/370/353 368/388/368
f 385/405/9 370/390/370 369/389/369
f 370/390/370 387/406/386 371/407/371
f 371/407/371 388/408/387 372/391/372
f 388/408/387 373/393/373 372/391/372
f 373/393/373 390/409/389 374/394/374
f 374/394/374 391/410/390 375/395/375
f 391/410/390 376/396/376 375/395/375
f 392/411/391 377/412/377 376/396/376
f 393/413/1 378/414/378 377/398/377
f 394/415/392 379/399/379 378/414/378
f 395/416/393 380/400/380 379/399/379
f 396/417/394 381/401/381 380/400/380
f 397/418/395 382/403/382 381/401/381
f 398/419/396 383/420/383 382/403/382
f 399/421/397 384/404/384 383/420/383
f 400/422/398 369/389/369 384/404/384
f 401/423/25 386/424/385 385/425/9
f 402/426/399 387/427/386 386/424/385
f 403/428/400 388/429/387 387/427/386
f 404/430/401 389/431/388 388/429/387
f 405/432/402 390/433/389 389/431/388
f 390/433/389 407/434/404 391/435/390
f 391/435/390 408/436/405 392/437/391
f 408/436/405 393/438/1 392/437/391
f 393/439/1 410/440/406 394/441/392
f 394/441/392 411/442/407 395/443/393
f 411/442/407 396/444/394 395/443/393
f 412/445/408 397/446/395 396/444/394
f 397/446/395 414/447/410 398/448/396
f 398/448/396 415/449/411 399/450/397
f 399/450/397 416/451/412 400/452/398
f 416/451/412 385/425/9 400/452/398
f 417/453/41 402/426/399 401/423/25
f 402/426/399 419/454/414 403/428/400
f 403/428/400 420/455/415 404/430/401
f 404/430/401 421/456/416 405/432/402
f 405/432/402 422/457/417 406/458/403
f 406/458/403 423/459/418 407/434/404
f 407/434/404 424/460/419 408/436/405
f 424/460/419 409/461/17 408/436/405
f 425/462/33 410/440/406 409/463/17
f 426/464/420 411/442/407 410/440/406
f 427/465/421 412/445/408 411/442/407
f 428/466/422 413/467/409 412/445/408
f 429/468/423 414/447/410 413/467/409
f 414/447/410 431/469/425 415/449/411
f 431/469/425 416/451/412 415/449/411
f 432/470/426 401/423/25 416/451/412
f 417/453/41 434/471/427 418/472/413
f 434/471/427 419/454/414 418/472/413
f 419/454/414 436/473/429 420/455/415
f 436/473/429 421/456/416 420/455/415
f 437/474/430 422/457/417 421/456/416
f 422/457/417 439/475/432 423/459/418
f 423/459/418 440/476/433 424/460/419
f 424/460/419 441/477/49 425/478/33
f 441/479/49 426/464/420 425/462/33
f 442/480/434 427/465/421 426/464/420
f 443/481/435 428/466/422 427/465/421
f 444/482/436 429/468/423 428/466/422
f 445/483/437 430/484/424 429/468/423
f 446/485/438 431/469/425 430/484/424
f 431/469/425 448/486/440 432/470/426
f 448/486/440 417/453/41 432/470/426
f 449/487/73 434/471/427 433/488/57
f 450/489/441 435/490/428 434/471/427
f 435/490/428 452/491/443 436/473/429
f 436/473/429 453/492/444 437/474/430
f 453/492/444 438/493/431 437/474/430
f 438/493/431 455/494/446 439/475/432
f 455/494/446 440/476/433 439/475/432
f 456/495/447 441/477/49 440/476/433
f 457/496/65 442/480/434 441/479/49
f 442/480/434 459/497/449 443/481/435
f 459/497/449 444/482/436 443/481/435
f 460/498/450 445/483/437 444/482/436
f 461/499/451 446/485/438 445/483/437
f 462/500/452 447/501/439 446/485/438
f 463/502/453 448/486/440 447/501/439
f 464/503/454 433/488/57 448/486/440
f 465/504/89 450/489/441 449/487/73
f 466/505/455 451/506/442 450/489/441
f 451/506/442 468/507/457 452/491/443
f 468/507/457 453/492/444 452/491/443
f 469/508/458 454/509/445 453/492/444
f 470/510/459 455/494/446 454/509/445
f 471/511/460 456/495/447 455/494/446
f 456/495/447 473/512/81 457/513/65
f 473/514/81 458/515/448 457/496/65
f 458/515/448 475/516/463 459/497/449
f 475/516/463 460/498/450 459/497/449
f 476/517/464 461/499/451 460/498/450
f 461/499/451 478/518/466 462/500/452
f 478/518/466 463/502/453 462/500/452
f 479/519/467 464/503/454 463/502/453
f 464/503/454 465/504/89 449/487/73
f 481/520/105 466/505/455 465/504/89
f 482/521/469 467/522/456 466/505/455
f 467/522/456 484/523/471 468/507/457
f 468/507/457 485/524/472 469/508/458
f 485/524/472 470/510/459 469/508/458
f 470/510/459 487/525/474 471/511/460
f 487/525/474 472/526/461 471/511/460
f 488/527/475 473/512/81 472/526/461
f 489/528/97 474/529/462 473/514/81
f 474/529/462 491/530/477 475/516/463
f 491/530/477 476/517/464 475/516/463
f 492/531/478 477/532/465 476/517/464
f 493/533/479 478/518/466 477/532/465
f 494/534/480 479/519/467 478/518/466
f 479/519/467 496/535/482 480/536/468
f 496/535/482 465/504/89 480/536/468
f 497/537/121 482/521/469 481/520/105
f 482/521/469 499/538/484 483/539/470
f 483/539/470 500/540/485 484/523/471
f 500/540/485 485/524/472 484/523/471
f 501/541/486 486/542/473 485/524/472
f 486/542/473 503/543/488 487/525/474
f 487/525/474 504/544/489 488/527/475
f 488/527/475 505/545/113 489/546/97
f 505/547/113 490/548/476 489/528/97
f 506/549/490 491/530/477 490/548/476
f 507/550/491 492/531/478 491/530/477
f 492/531/478 509/551/493 493/533/479
f 509/551/493 494/534/480 493/533/479
f 510/552/494 495/553/481 494/534/480
f 511/554/495 496/535/482 495/553/481
f 512/555/496 481/520/105 496/535/482
f 497/537/121 514/556/497 498/557/483
f 514/556/497 499/538/484 498/557/483
f 499/538/484 516/558/499 500/540/485
f 516/558/499 501/541/486 500/540/485
f 501/541/486 518/559/501 502/560/487
f 518/559/501 503/543/488 502/560/487
f 519/561/502 504/544/489 503/543/488
f 520/562/503 505/545/113 504/544/489
f 521/563/129 506/549/490 505/547/113
f 522/564/504 507/550/491 506/549/490
f 507/550/491 524/565/506 508/566/492
f 508/566/492 525/567/507 509/551/493
f 525/567/507 510/552/494 509/551/493
f 526/568/508 511/554/495 510/552/494
f 511/554/495 528/569/510 512/555/496
f 528/569/510 497/537/121 512/555/496
f 529/570/153 514/556/497 513/571/137
f 514/556/497 531/572/512 515/573/498
f 515/573/498 532/574/513 516/558/499
f 532/574/513 517/575/500 516/558/499
f 533/576/514 518/559/501 517/575/500
f 534/577/515 519/561/502 518/559/501
f 519/561/502 536/578/517 520/562/503
f 536/578/517 521/579/129 520/562/503
f 537/580/145 522/564/504 521/563/129
f 538/581/518 523/582/505 522/564/504
f 539/583/519 524/565/506 523/582/505
f 524/565/506 541/584/521 525/567/507
f 541/584/521 526/568/508 525/567/507
f 542/585/522 527/586/509 526/568/508
f 543/587/523 528/569/510 527/586/509
f 544/588/524 513/571/137 528/569/510
f 545/589/169 530/590/511 529/570/153
f 546/591/525 531/572/512 530/590/511
f 547/592/526 532/574/513 531/572/512
f 548/593/527 533/576/514 532/574/513
f 549/594/528 534/577/515 533/576/514
f 550/595/529 535/596/516 534/577/515
f 551/597/530 536/578/517 535/596/516
f 552/598/531 537/599/145 536/578/517
f 553/600/161 538/581/518 537/580/145
f 554/601/532 539/583/519 538/581/518
f 539/583/519 556/602/534 540/603/520
f 540/603/520 557/604/535 541/584/521
f 541/584/521 558/605/536 542/585/522
f 558/605/536 543/587/523 542/585/522
f 559/606/537 544/588/524 543/587/523
f 544/588/524 545/589/169 529/570/153
f 545/589/169 562/607/539 546/591/525
f 562/607/539 547/592/526 546/591/525
f 563/608/540 548/593/527 547/592/526
f 564/609/541 549/594/528 548/593/527
f 565/610/542 550/595/529 549/594/528
f 566/611/543 551/597/530 550/595/529
f 567/612/544 552/598/531 551/597/530
f 568/613/545 553/614/161 552/598/531
f 553/600/161 570/615/546 554/601/532
f 570/615/546 555/616/533 554/601/532
f 555/616/533 572/617/548 556/602/534
f 572/617/548 557/604/535 556/602/534
f 573/618/549 558/605/536 557/604/535
f 574/619/550 559/606/537 558/605/536
f 559/606/537 576/620/552 560/621/538
f 576/620/552 545/589/169 560/621/538
f 577/622/201 562/607/539 561/623/185
f 578/624/553 563/608/540 562/607/539
f 563/608/540 580/625/555 564/609/541
f 580/625/555 565/610/542 564/609/541
f 565/610/542 582/626/557 566/611/543
f 566/611/543 583/627/558 567/612/544
f 583/627/558 568/613/545 567/612/544
f 568/613/545 585/628/193 569/629/177
f 585/630/193 570/615/546 569/631/177
f 586/632/560 571/633/547 570/615/546
f 587/634/561 572/617/548 571/633/547
f 588/635/562 573/618/549 572/617/548
f 589/636/563 574/619/550 573/618/549
f 590/637/564 575/638/551 574/619/550
f 591/639/565 576/620/552 575/638/551
f 592/640/566 561/623/185 576/620/552
f 593/641/217 578/624/553 577/622/201
f 578/624/553 595/642/568 579/643/554
f 595/642/568 580/625/555 579/643/554
f 580/625/555 597/644/570 581/645/556
f 581/645/556 598/646/571 582/626/557
f 582/626/557 599/647/572 583/627/558
f 599/647/572 584/648/559 583/627/558
f 600/649/573 585/628/193 584/648/559
f 585/630/193 602/650/574 586/632/560
f 602/650/574 587/634/561 586/632/560
f 603/651/575 588/635/562 587/634/561
f 604/652/576 589/636/563 588/635/562
f 605/653/577 590/637/564 589/636/563
f 606/654/578 591/639/565 590/637/564
f 607/655/579 592/640/566 591/639/565
f 608/656/580 577/622/201 592/640/566
f 593/641/217 610/657/581 594/658/567
f 610/657/581 595/642/568 594/658/567
f 611/659/582 596/660/569 595/642/568
f 612/661/583 597/644/570 596/660/569
f 613/662/584 598/646/571 597/644/570
f 598/646/571 615/663/586 599/647/572
f 615/663/586 600/649/573 599/647/572
f 616/664/587 601/665/209 600/649/573
f 617/666/225 602/650/574 601/667/209
f 618/668/588 603/651/575 602/650/574
f 619/669/589 604/652/576 603/651/575
f 620/670/590 605/653/577 604/652/576
f 605/653/577 622/671/592 606/654/578
f 622/671/592 607/655/579 606/654/578
f 623/672/593 608/656/580 607/655/579
f 624/673/594 593/641/217 608/656/580
f 609/674/233 626/675/595 610/657/581
f 626/675/595 611/659/582 610/657/581
f 627/676/596 612/661/583 611/659/582
f 612/661/583 629/677/598 613/662/584
f 613/662/584 630/678/599 614/679/585
f 630/678/599 615/663/586 614/679/585
f 631/680/600 616/664/587 615/663/586
f 632/681/601 617/682/225 616/664/587
f 633/683/241 618/668/588 617/666/225
f 634/684/602 619/669/589 618/668/588
f 635/685/603 620/670/590 619/669/589
f 636/686/604 621/687/591 620/670/590
f 637/688/605 622/671/592 621/687/591
f 638/689/606 623/672/593 622/671/592
f 639/690/607 624/673/594 623/672/593
f 640/691/608 609/674/233 624/673/594
f 625/692/249 642/693/609 626/675/595
f 642/693/609 627/676/596 626/675/595
f 627/676/596 644/694/611 628/695/597
f 644/694/611 629/677/598 628/695/597
f 645/696/612 630/678/599 629/677/598
f 630/678/599 647/697/614 631/680/600
f 647/697/614 632/681/601 631/680/600
f 648/698/615 633/699/241 632/681/601
f 633/683/241 650/700/616 634/684/602
f 650/700/616 635/685/603 634/684/602
f 651/701/617 636/686/604 635/685/603
f 652/702/618 637/688/605 636/686/604
f 653/703/619 638/689/606 637/688/605
f 654/704/620 639/690/607 638/689/606
f 655/705/621 640/691/608 639/690/607
f 656/706/622 625/692/249 640/691/608
f 657/707/281 642/693/609 641/708/265
f 658/709/623 643/710/610 642/693/609
f 643/710/610 660/711/625 644/694/611
f 660/711/625 645/696/612 644/694/611
f 661/712/626 646/713/613 645/696/612
f 662/714/627 647/697/614 646/713/613
f 663/715/628 648/698/615 647/697/614
f 664/716/629 649/717/257 648/698/615
f 665/718/273 650/700/616 649/719/257
f 650/700/616 667/720/631 651/701/617
f 651/701/617 668/721/632 652/702/618
f 652/702/618 669/722/633 653/703/619
f 653/703/619 670/723/634 654/704/620
f 670/723/634 655/705/621 654/704/620
f 655/705/621 672/724/636 656/706/622
f 672/724/636 641/708/265 656/706/622
f 657/707/281 674/725/637 658/709/623
f 674/725/637 659/726/624 658/709/623
f 659/726/624 676/727/639 660/711/625
f 660/711/625 677/728/640 661/712/626
f 661/712/626 678/729/641 662/714/627
f 662/714/627 679/730/642 663/715/628
f 663/715/628 680/731/643 664/716/629
f 664/716/629 681/732/289 665/733/273
f 681/734/289 666/735/630 665/718/273
f 682/736/644 667/720/631 666/735/630
f 683/737/645 668/721/632 667/720/631
f 684/738/646 669/722/633 668/721/632
f 685/739/647 670/723/634 669/722/633
f 686/740/648 671/741/635 670/723/634
f 687/742/649 672/724/636 671/741/635
f 688/743/650 657/707/281 672/724/636
f 689/744/313 674/725/637 673/745/297
f 674/725/637 691/746/652 675/747/638
f 691/746/652 676/727/639 675/747/638
f 692/748/653 677/728/640 676/727/639
f 693/749/654 678/729/641 677/728/640
f 694/750/655 679/730/642 678/729/641
f 679/730/642 696/751/657 680/731/643
f 696/751/657 681/732/289 680/731/643
f 697/752/305 682/736/644 681/734/289
f 698/753/658 683/737/645 682/736/644
f 699/754/659 684/738/646 683/737/645
f 700/755/660 685/739/647 684/738/646
f 685/739/647 702/756/662 686/740/648
f 686/740/648 703/757/663 687/742/649
f 703/757/663 688/743/650 687/742/649
f 704/758/664 673/745/297 688/743/650
f 705/759/329 690/760/651 689/744/313
f 690/760/651 707/761/666 691/746/652
f 707/761/666 692/748/653 691/746/652
f 708/762/667 693/749/654 692/748/653
f 709/763/668 694/750/655 693/749/654
f 694/750/655 711/764/670 695/765/656
f 711/764/670 696/751/657 695/765/656
f 712/766/671 697/767/305 696/751/657
f 697/752/305 714/768/672 698/753/658
f 698/753/658 715/769/673 699/754/659
f 715/769/673 700/755/660 699/754/659
f 700/755/660 717/770/675 701/771/661
f 701/771/661 718/772/676 702/756/662
f 702/756/662 719/773/677 703/757/663
f 719/773/677 704/758/664 703/757/663
f 704/758/664 705/759/329 689/744/313
f 721/774/345 706/775/665 705/759/329
f 706/775/665 723/776/680 707/761/666
f 707/761/666 724/777/681 708/762/667
f 708/762/667 725/778/682 709/763/668
f 709/763/668 726/779/683 710/780/669
f 726/779/683 711/764/670 710/780/669
f 727/781/684 712/766/671 711/764/670
f 728/782/685 713/783/321 712/766/671
f 713/784/321 730/785/686 714/768/672
f 714/768/672 731/786/687 715/769/673
f 731/786/687 716/787/674 715/769/673
f 732/788/688 717/770/675 716/787/674
f 733/789/689 718/772/676 717/770/675
f 734/790/690 719/773/677 718/772/676
f 735/791/691 720/792/678 719/773/677
f 720/792/678 721/774/345 705/759/329
f 737/793/361 722/794/679 721/774/345
f 738/795/693 723/776/680 722/794/679
f 739/796/694 724/777/681 723/776/680
f 740/797/695 725/778/682 724/777/681
f 741/798/696 726/779/683 725/778/682
f 742/799/697 727/781/684 726/779/683
f 743/800/698 728/782/685 727/781/684
f 744/801/699 729/802/337 728/782/685
f 729/803/337 746/804/700 730/785/686
f 730/785/686 747/805/701 731/786/687
f 731/786/687 748/806/702 732/788/688
f 732/788/688 749/807/703 733/789/689
f 733/789/689 750/808/704 734/790/690
f 750/808/704 735/791/691 734/790/690
f 735/791/691 752/809/706 736/810/692
f 736/810/692 737/793/361 721/774/345
f 737/793/361 754/811/707 738/795/693
f 754/811/707 739/796/694 738/795/693
f 755/812/708 740/797/695 739/796/694
f 740/797/695 757/813/710 741/798/696
f 741/798/696 758/814/711 742/799/697
f 742/799/697 759/815/712 743/800/698
f 743/800/698 760/816/713 744/801/699
f 760/816/713 745/817/353 744/801/699
f 761/818/369 746/804/700 745/819/353
f 762/820/714 747/805/701 746/804/700
f 763/821/715 748/806/702 747/805/701
f 764/822/716 749/807/703 748/806/702
f 765/823/717 750/808/704 749/807/703
f 766/824/718 751/825/705 750/808/704
f 767/826/719 752/809/706 751/825/705
f 768/827/720 737/793/361 752/809/706
f 1/3/1 754/811/707 753/828/377
f 2/2/2 755/812/708 754/811/707
f 3/5/3 756/829/709 755/812/708
f 4/6/4 757/813/710 756/829/709
f 5/8/5 758/814/711 757/813/710
f 6/10/6 759/815/712 758/814/711
f 7/12/7 760/816/713 759/815/712
f 8/13/8 761/830/369 760/816/713
f 9/18/9 762/820/714 761/818/369
f 10/17/10 763/821/715 762/820/714
f 763/821/715 12/22/12 764/822/716
f 764/822/716 13/24/13 765/823/717
f 765/823/717 14/26/14 766/824/718
f 14/26/14 767/826/719 766/824/718
f 767/826/719 16/30/16 768/827/720
f 16/30/16 753/828/377 768/827/720
f 17/1/17 18/33/18 2/2/2
f 2/2/2 18/33/18 19/4/19
f 19/4/19 20/35/20 4/6/4
f 4/6/4 20/35/20 21/7/21
f 5/8/5 21/7/21 22/9/22
f 6/10/6 22/9/22 23/11/23
f 23/11/23 24/14/24 8/13/8
f 24/14/24 25/41/25 9/15/9
f 25/16/25 26/19/26 10/17/10
f 26/19/26 27/21/27 11/20/11
f 27/21/27 28/23/28 12/22/12
f 28/23/28 29/25/29 13/24/13
f 29/25/29 30/27/30 14/26/14
f 30/27/30 31/29/31 15/28/15
f 31/29/31 32/31/32 16/30/16
f 32/31/32 17/1/17 1/3/1
f 17/1/17 33/49/33 34/32/34
f 34/32/34 35/34/35 19/4/19
f 35/34/35 36/36/36 20/35/20
f 36/36/36 37/37/37 21/7/21
f 37/37/37 38/38/38 22/9/22
f 38/38/38 39/39/39 23/11/23
f 39/39/39 40/40/40 24/14/24
f 40/40/40 41/54/41 25/41/25
f 41/42/41 42/56/42 26/19/26
f 26/19/26 42/56/42 43/43/43
f 27/21/27 43/43/43 44/44/44
f 28/23/28 44/44/44 45/45/45
f 45/45/45 46/61/46 30/27/30
f 30/27/30 46/61/46 47/46/47
f 31/29/31 47/46/47 48/47/48
f 48/47/48 33/49/33 17/1/17
f 49/48/49 50/66/50 34/32/34
f 34/32/34 50/66/50 51/50/51
f 51/50/51 52/68/52 36/36/36
f 36/36/36 52/68/52 53/51/53
f 37/37/37 53/51/53 54/52/54
f 54/52/54 55/72/55 39/39/39
f 39/39/39 55/72/55 56/53/56
f 56/53/56 57/75/57 41/54/41
f 57/55/57 58/57/58 42/56/42
f 58/57/58 59/58/59 43/43/43
f 59/58/59 60/59/60 44/44/44
f 60/59/60 61/60/61 45/45/45
f 61/60/61 62/62/62 46/61/46
f 62/62/62 63/63/63 47/46/47
f 63/63/63 64/64/64 48/47/48
f 64/64/64 49/48/49 33/49/33
f 49/48/49 65/83/65 66/65/66
f 66/65/66 67/67/67 51/50/51
f 67/67/67 68/69/68 52/68/52
f 68/69/68 69/70/69 53/51/53
f 69/70/69 70/71/70 54/52/54
f 70/71/70 71/73/71 55/72/55
f 71/73/71 72/89/72 56/53/56
f 56/53/56 72/89/72 73/74/73
f 73/76/73 74/77/74 58/57/58
f 74/77/74 75/93/75 59/58/59
f 59/58/59 75/93/75 76/78/76
f 60/59/60 76/78/76 77/79/77
f 61/60/61 77/79/77 78/80/78
f 62/62/62 78/80/78 79/81/79
f 63/63/63 79/81/79 80/82/80
f 80/82/80 65/83/65 49/48/49
f 65/83/65 81/98/81 82/84/82
f 82/84/82 83/100/83 67/67/67
f 67/67/67 83/100/83 84/85/84
f 68/69/68 84/85/84 85/86/85
f 85/86/85 86/87/86 70/71/70
f 86/87/86 87/104/87 71/73/71
f 71/73/71 87/104/87 88/88/88
f 72/89/72 88/88/88 89/90/89
f 89/91/89 90/92/90 74/77/74
f 90/92/90 91/109/91 75/93/75
f 75/93/75 91/109/91 92/94/92
f 92/94/92 93/95/93 77/79/77
f 93/95/93 94/96/94 78/80/78
f 94/96/94 95/112/95 79/81/79
f 79/81/79 95/112/95 96/97/96
f 96/97/96 81/98/81 65/83/65
f 81/98/81 97/115/97 98/99/98
f 98/99/98 99/117/99 83/100/83
f 83/100/83 99/117/99 100/101/100
f 100/101/100 101/102/101 85/86/85
f 101/102/101 102/103/102 86/87/86
f 102/103/102 103/105/103 87/104/87
f 103/105/103 104/106/104 88/88/88
f 104/106/104 105/122/105 89/90/89
f 89/91/89 105/124/105 106/107/106
f 90/92/90 106/107/106 107/108/107
f 107/108/107 108/127/108 92/94/92
f 92/94/92 108/127/108 109/110/109
f 109/110/109 110/111/110 94/96/94
f 110/111/110 111/130/111 95/112/95
f 95/112/95 111/130/111 112/113/112
f 112/113/112 97/115/97 81/98/81
f 113/114/113 114/134/114 98/99/98
f 98/99/98 114/134/114 115/116/115
f 99/117/99 115/116/115 116/118/116
f 100/101/100 116/118/116 117/119/117
f 117/119/117 118/139/118 102/103/102
f 102/103/102 118/139/118 119/120/119
f 119/120/119 120/121/120 104/106/104
f 120/121/120 121/141/121 105/122/105
f 121/123/121 122/143/122 106/107/106
f 106/107/106 122/143/122 123/125/123
f 107/108/107 123/125/123 124/126/124
f 108/127/108 124/126/124 125/128/125
f 125/128/125 126/129/126 110/111/110
f 126/129/126 127/131/127 111/130/111
f 127/131/127 128/132/128 112/113/112
f 128/132/128 113/114/113 97/115/97
f 129/133/129 130/152/130 114/134/114
f 114/134/114 130/152/130 131/135/131
f 115/116/115 131/135/131 132/136/132
f 116/118/116 132/136/132 133/137/133
f 117/119/117 133/137/133 134/138/134
f 134/138/134 135/157/135 119/120/119
f 119/120/119 135/157/135 136/140/136
f 136/140/136 137/160/137 121/141/121
f 137/142/137 138/144/138 122/143/122
f 138/144/138 139/145/139 123/125/123
f 139/145/139 140/146/140 124/126/124
f 140/146/140 141/147/141 125/128/125
f 141/147/141 142/148/142 126/129/126
f 142/148/142 143/149/143 127/131/127
f 143/149/143 144/150/144 128/132/128
f 144/150/144 129/133/129 113/114/113
f 145/151/145 146/167/146 130/152/130
f 130/152/130 146/167/146 147/153/147
f 147/153/147 148/154/148 132/136/132
f 148/154/148 149/155/149 133/137/133
f 149/155/149 150/156/150 134/138/134
f 150/156/150 151/158/151 135/157/135
f 151/158/151 152/172/152 136/140/136
f 136/140/136 152/172/152 153/159/153
f 153/161/153 154/162/154 138/144/138
f 154/162/154 155/176/155 139/145/139
f 139/145/139 155/176/155 156/163/156
f 156/163/156 157/164/157 141/147/141
f 157/164/157 158/179/158 142/148/142
f 142/148/142 158/179/158 159/165/159
f 159/165/159 160/182/160 144/150/144
f 144/150/144 160/182/160 145/151/145
f 161/166/161 162/184/162 146/167/146
f 146/167/146 162/184/162 163/168/163
f 163/168/163 164/187/164 148/154/148
f 148/154/148 164/187/164 165/169/165
f 165/169/165 166/170/166 150/156/150
f 166/170/166 167/190/167 151/158/151
f 151/158/151 167/190/167 168/171/168
f 152/172/152 168/171/168 169/173/169
f 169/174/169 170/175/170 154/162/154
f 170/175/170 171/194/171 155/176/155
f 155/176/155 171/194/171 172/177/172
f 156/163/156 172/177/172 173/178/173
f 173/178/173 174/180/174 158/179/158
f 174/180/174 175/181/175 159/165/159
f 175/181/175 176/200/176 160/182/160
f 160/182/160 176/200/176 161/166/161
f 177/183/177 178/185/178 162/184/162
f 178/185/178 179/202/179 163/168/163
f 163/168/163 179/202/179 180/186/180
f 180/186/180 181/188/181 165/169/165
f 181/188/181 182/206/182 166/170/166
f 166/170/166 182/206/182 183/189/183
f 183/189/183 184/191/184 168/171/168
f 184/191/184 185/210/185 169/173/169
f 185/192/185 186/193/186 170/175/170
f 186/193/186 187/195/187 171/194/171
f 187/195/187 188/196/188 172/177/172
f 188/196/188 189/197/189 173/178/173
f 189/197/189 190/216/190 174/180/174
f 174/180/174 190/216/190 191/198/191
f 175/181/175 191/198/191 192/199/192
f 192/199/192 177/183/177 161/166/161
f 177/183/177 193/220/193 194/201/194
f 194/201/194 195/203/195 179/202/179
f 195/203/195 196/204/196 180/186/180
f 196/204/196 197/205/197 181/188/181
f 197/205/197 198/207/198 182/206/182
f 198/207/198 199/208/199 183/189/183
f 199/208/199 200/227/200 184/191/184
f 184/191/184 200/227/200 201/209/201
f 201/211/201 202/212/202 186/193/186
f 202/212/202 203/213/203 187/195/187
f 203/213/203 204/214/204 188/196/188
f 204/214/204 205/231/205 189/197/189
f 189/197/189 205/231/205 206/215/206
f 190/216/190 206/215/206 207/217/207
f 191/198/191 207/217/207 208/218/208
f 208/218/208 193/220/193 177/183/177
f 209/219/209 210/221/210 194/201/194
f 210/221/210 211/222/211 195/203/195
f 211/222/211 212/223/212 196/204/196
f 212/223/212 213/238/213 197/205/197
f 197/205/197 213/238/213 214/224/214
f 198/207/198 214/224/214 215/225/215
f 199/208/199 215/225/215 216/226/216
f 216/226/216 217/243/217 201/209/201
f 201/211/201 217/245/217 218/228/218
f 202/212/202 218/228/218 219/229/219
f 219/229/219 220/248/220 204/214/204
f 204/214/204 220/248/220 221/230/221
f 205/231/205 221/230/221 222/232/222
f 206/215/206 222/232/222 223/233/223
f 223/233/223 224/234/224 208/218/208
f 224/234/224 209/219/209 193/220/193
f 209/219/209 225/253/225 226/235/226
f 226/235/226 227/236/227 211/222/211
f 227/236/227 228/237/228 212/223/212
f 228/237/228 229/239/229 213/238/213
f 229/239/229 230/240/230 214/224/214
f 230/240/230 231/241/231 215/225/215
f 231/241/231 232/242/232 216/226/216
f 232/242/232 233/261/233 217/243/217
f 233/244/233 234/246/234 218/228/218
f 234/246/234 235/247/235 219/229/219
f 235/247/235 236/265/236 220/248/220
f 220/248/220 236/265/236 237/249/237
f 237/249/237 238/250/238 222/232/222
f 238/250/238 239/251/239 223/233/223
f 239/251/239 240/252/240 224/234/224
f 240/252/240 225/253/225 209/219/209
f 225/253/225 241/270/241 242/254/242
f 242/254/242 243/255/243 227/236/227
f 243/255/243 244/256/244 228/237/228
f 244/256/244 245/257/245 229/239/229
f 245/257/245 246/258/246 230/240/230
f 246/258/246 247/259/247 231/241/231
f 247/259/247 248/275/248 232/242/232
f 232/242/232 248/275/248 249/260/249
f 249/262/249 250/263/250 234/246/234
f 250/263/250 251/279/251 235/247/235
f 235/247/235 251/279/251 252/264/252
f 236/265/236 252/264/252 253/266/253
f 253/266/253 254/282/254 238/250/238
f 238/250/238 254/282/254 255/267/255
f 239/251/239 255/267/255 256/268/256
f 256/268/256 241/270/241 225/253/225
f 257/269/257 258/271/258 242/254/242
f 258/271/258 259/287/259 243/255/243
f 243/255/243 259/287/259 260/272/260
f 260/272/260 261/290/261 245/257/245
f 245/257/245 261/290/261 262/273/262
f 262/273/262 263/274/263 247/259/247
f 263/274/263 264/276/264 248/275/248
f 264/276/264 265/295/265 249/260/249
f 265/277/265 266/297/266 250/263/250
f 250/263/250 266/297/266 267/278/267
f 267/278/267 268/280/268 252/264/252
f 268/280/268 269/281/269 253/266/253
f 269/281/269 270/301/270 254/282/254
f 254/282/254 270/301/270 271/283/271
f 255/267/255 271/283/271 272/284/272
f 272/284/272 257/269/257 241/270/241
f 273/285/273 274/286/274 258/271/258
f 274/286/274 275/288/275 259/287/259
f 275/288/275 276/289/276 260/272/260
f 276/289/276 277/291/277 261/290/261
f 277/291/277 278/292/278 262/273/262
f 278/292/278 279/293/279 263/274/263
f 279/293/279 280/310/280 264/276/264
f 264/276/264 280/310/280 281/294/281
f 281/296/281 282/313/282 266/297/266
f 266/297/266 282/313/282 283/298/283
f 267/278/267 283/298/283 284/299/284
f 284/299/284 285/316/285 269/281/269
f 269/281/269 285/316/285 286/300/286
f 270/301/270 286/300/286 287/302/287
f 271/283/271 287/302/287 288/303/288
f 272/284/272 288/303/288 273/285/273
f 289/304/289 290/305/290 274/286/274
f 290/305/290 291/322/291 275/288/275
f 275/288/275 291/322/291 292/306/292
f 276/289/276 292/306/292 293/307/293
f 277/291/277 293/307/293 294/308/294
f 294/308/294 295/309/295 279/293/279
f 295/309/295 296/311/296 280/310/280
f 296/311/296 297/328/297 281/294/281
f 281/296/281 297/330/297 298/312/298
f 282/313/282 298/312/298 299/314/299
f 283/298/283 299/314/299 300/315/300
f 300/315/300 301/317/301 285/316/285
f 301/317/301 302/334/302 286/300/286
f 286/300/286 302/334/302 303/318/303
f 287/302/287 303/318/303 304/319/304
f 304/319/304 289/304/289 273/285/273
f 305/320/305 306/321/306 290/305/290
f 306/321/306 307/323/307 291/322/291
f 307/323/307 308/324/308 292/306/292
f 308/324/308 309/325/309 293/307/293
f 309/325/309 310/326/310 294/308/294
f 310/326/310 311/341/311 295/309/295
f 295/309/295 311/341/311 312/327/312
f 312/327/312 313/344/313 297/328/297
f 313/329/313 314/331/314 298/312/298
f 314/331/314 315/347/315 299/314/299
f 299/314/299 315/347/315 316/332/316
f 316/332/316 317/350/317 301/317/301
f 301/317/301 317/350/317 318/333/318
f 302/334/302 318/333/318 319/335/319
f 319/335/319 320/353/320 304/319/304
f 304/319/304 320/353/320 305/320/305
f 321/336/321 322/355/322 306/321/306
f 306/321/306 322/355/322 323/337/323
f 323/337/323 324/338/324 308/324/308
f 324/338/324 325/358/325 309/325/309
f 309/325/309 325/358/325 326/339/326
f 310/326/310 326/339/326 327/340/327
f 311/341/311 327/340/327 328/342/328
f 312/327/312 328/342/328 329/343/329
f 329/345/329 330/346/330 314/331/314
f 330/346/330 331/348/331 315/347/315
f 331/348/331 332/349/332 316/332/316
f 332/349/332 333/366/333 317/350/317
f 317/350/317 333/366/333 334/351/334
f 334/351/334 335/352/335 319/335/319
f 335/352/335 336/369/336 320/353/320
f 320/353/320 336/369/336 321/336/321
f 337/354/337 338/371/338 322/355/322
f 322/355/322 338/371/338 339/356/339
f 339/356/339 340/357/340 324/338/324
f 340/357/340 341/359/341 325/358/325
f 341/359/341 342/360/342 326/339/326
f 342/360/342 343/361/343 327/340/327
f 343/361/343 344/362/344 328/342/328
f 344/362/344 345/378/345 329/343/329
f 345/363/345 346/380/346 330/346/330
f 330/346/330 346/380/346 347/364/347
f 347/364/347 348/365/348 332/349/332
f 348/365/348 349/384/349 333/366/333
f 333/366/333 349/384/349 350/367/350
f 350/367/350 351/368/351 335/352/335
f 351/368/351 352/387/352 336/369/336
f 336/369/336 352/387/352 337/354/337
f 353/370/353 354/372/354 338/371/338
f 354/372/354 355/373/355 339/356/339
f 355/373/355 356/374/356 340/357/340
f 356/374/356 357/392/357 341/359/341
f 341/359/341 357/392/357 358/375/358
f 342/360/342 358/375/358 359/376/359
f 343/361/343 359/376/359 360/377/360
f 360/377/360 361/397/361 345/378/345
f 361/379/361 362/381/362 346/380/346
f 362/381/362 363/382/363 347/364/347
f 363/382/363 364/383/364 348/365/348
f 364/383/364 365/385/365 349/384/349
f 365/385/365 366/402/366 350/367/350
f 350/367/350 366/402/366 367/386/367
f 367/386/367 368/388/368 352/387/352
f 368/388/368 353/370/353 337/354/337
f 369/389/369 370/390/370 354/372/354
f 370/390/370 371/407/371 355/373/355
f 355/373/355 371/407/371 372/391/372
f 372/391/372 373/393/373 357/392/357
f 373/393/373 374/394/374 358/375/358
f 374/394/374 375/395/375 359/376/359
f 375/395/375 376/396/376 360/377/360
f 376/396/376 377/412/377 361/397/361
f 377/398/377 378/414/378 362/381/362
f 362/381/362 378/414/378 379/399/379
f 363/382/363 379/399/379 380/400/380
f 380/400/380 381/401/381 365/385/365
f 381/401/381 382/403/382 366/402/366
f 382/403/382 383/420/383 367/386/367
f 367/386/367 383/420/383 384/404/384
f 384/404/384 369/389/369 353/370/353
f 385/405/9 386/831/385 370/390/370
f 370/390/370 386/831/385 387/406/386
f 371/407/371 387/406/386 388/408/387
f 388/408/387 389/832/388 373/393/373
f 373/393/373 389/832/388 390/409/389
f 374/394/374 390/409/389 391/410/390
f 391/410/390 392/411/391 376/396/376
f 392/411/391 393/833/1 377/412/377
f 393/413/1 394/415/392 378/414/378
f 394/415/392 395/416/393 379/399/379
f 395/416/393 396/417/394 380/400/380
f 396/417/394 397/418/395 381/401/381
f 397/418/395 398/419/396 382/403/382
f 398/419/396 399/421/397 383/420/383
f 399/421/397 400/422/398 384/404/384
f 400/422/398 385/405/9 369/389/369
f 401/423/25 402/426/399 386/424/385
f 402/426/399 403/428/400 387/427/386
f 403/428/400 404/430/401 388/429/387
f 404/430/401 405/432/402 389/431/388
f 405/432/402 406/458/403 390/433/389
f 390/433/389 406/458/403 407/434/404
f 391/435/390 407/434/404 408/436/405
f 408/436/405 409/461/17 393/438/1
f 393/439/1 409/463/17 410/440/406
f 394/441/392 410/440/406 411/442/407
f 411/442/407 412/445/408 396/444/394
f 412/445/408 413/467/409 397/446/395
f 397/446/395 413/467/409 414/447/410
f 398/448/396 414/447/410 415/449/411
f 399/450/397 415/449/411 416/451/412
f 416/451/412 401/423/25 385/425/9
f 417/453/41 418/472/413 402/426/399
f 402/426/399 418/472/413 419/454/414
f 403/428/400 419/454/414 420/455/415
f 404/430/401 420/455/415 421/456/416
f 405/432/402 421/456/416 422/457/417
f 406/458/403 422/457/417 423/459/418
f 407/434/404 423/459/418 424/460/419
f 424/460/419 425/478/33 409/461/17
f 425/462/33 426/464/420 410/440/406
f 426/464/420 427/465/421 411/442/407
f 427/465/421 428/466/422 412/445/408
f 428/466/422 429/468/423 413/467/409
f 429/468/423 430/484/424 414/447/410
f 414/447/410 430/484/424 431/469/425
f 431/469/425 432/470/426 416/451/412
f 432/470/426 417/453/41 401/423/25
f 417/453/41 433/488/57 434/471/427
f 434/471/427 435/490/428 419/454/414
f 419/454/414 435/490/428 436/473/429
f 436/473/429 437/474/430 421/456/416
f 437/474/430 438/493/431 422/457/417
f 422/457/417 438/493/431 439/475/432
f 423/459/418 439/475/432 440/476/433
f 424/460/419 440/476/433 441/477/49
f 441/479/49 442/480/434 426/464/420
f 442/480/434 443/481/435 427/465/421
f 443/481/435 444/482/436 428/466/422
f 444/482/436 445/483/437 429/468/423
f 445/483/437 446/485/438 430/484/424
f 446/485/438 447/501/439 431/469/425
f 431/469/425 447/501/439 448/486/440
f 448/486/440 433/488/57 417/453/41
f 449/487/73 450/489/441 434/471/427
f 450/489/441 451/506/442 435/490/428
f 435/490/428 451/506/442 452/491/443
f 436/473/429 452/491/443 453/492/444
f 453/492/444 454/509/445 438/493/431
f 438/493/431 454/509/445 455/494/446
f 455/494/446 456/495/447 440/476/433
f 456/495/447 457/513/65 441/477/49
f 457/496/65 458/515/448 442/480/434
f 442/480/434 458/515/448 459/497/449
f 459/497/449 460/498/450 444/482/436
f 460/498/450 461/499/451 445/483/437
f 461/499/451 462/500/452 446/485/438
f 462/500/452 463/502/453 447/501/439
f 463/502/453 464/503/454 448/486/440
f 464/503/454 449/487/73 433/488/57
f 465/504/89 466/505/455 450/489/441
f 466/505/455 467/522/456 451/506/442
f 451/506/442 467/522/456 468/507/457
f 468/507/457 469/508/458 453/492/444
f 469/508/458 470/510/459 454/509/445
f 470/510/459 471/511/460 455/494/446
f 471/511/460 472/526/461 456/495/447
f 456/495/447 472/526/461 473/512/81
f 473/514/81 474/529/462 458/515/448
f 458/515/448 474/529/462 475/516/463
f 475/516/463 476/517/464 460/498/450
f 476/517/464 477/532/465 461/499/451
f 461/499/451 477/532/465 478/518/466
f 478/518/466 479/519/467 463/502/453
f 479/519/467 480/536/468 464/503/454
f 464/503/454 480/536/468 465/504/89
f 481/520/105 482/521/469 466/505/455
f 482/521/469 483/539/470 467/522/456
f 467/522/456 483/539/470 484/523/471
f 468/507/457 484/523/471 485/524/472
f 485/524/472 486/542/473 470/510/459
f 470/510/459 486/542/473 487/525/474
f 487/525/474 488/527/475 472/526/461
f 488/527/475 489/546/97 473/512/81
f 489/528/97 490/548/476 474/529/462
f 474/529/462 490/548/476 491/530/477
f 491/530/477 492/531/478 476/517/464
f 492/531/478 493/533/479 477/532/465
f 493/533/479 494/534/480 478/518/466
f 494/534/480 495/553/481 479/519/467
f 479/519/467 495/553/481 496/535/482
f 496/535/482 481/520/105 465/504/89
f 497/537/121 498/557/483 482/521/469
f 482/521/469 498/557/483 499/538/484
f 483/539/470 499/538/484 500/540/485
f 500/540/485 501/541/486 485/524/472
f 501/541/486 502/560/487 486/542/473
f 486/542/473 502/560/487 503/543/488
f 487/525/474 503/543/488 504/544/489
f 488/527/475 504/544/489 505/545/113
f 505/547/113 506/549/490 490/548/476
f 506/549/490 507/550/491 491/530/477
f 507/550/491 508/566/492 492/531/478
f 492/531/478 508/566/492 509/551/493
f 509/551/493 510/552/494 494/534/480
f 510/552/494 511/554/495 495/553/481
f 511/554/495 512/555/496 496/535/482
f 512/555/496 497/537/121 481/520/105
f 497/537/121 513/571/137 514/556/497
f 514/556/497 515/573/498 499/538/484
f 499/538/484 515/573/498 516/558/499
f 516/558/499 517/575/500 501/541/486
f 501/541/486 517/575/500 518/559/501
f 518/559/501 519/561/502 503/543/488
f 519/561/502 520/562/503 504/544/489
f 520/562/503 521/579/129 505/545/113
f 521/563/129 522/564/504 506/549/490
f 522/564/504 523/582/505 507/550/491
f 507/550/491 523/582/505 524/565/506
f 508/566/492 524/565/506 525/567/507
f 525/567/507 526/568/508 510/552/494
f 526/568/508 527/586/509 511/554/495
f 511/554/495 527/586/509 528/569/510
f 528/569/510 513/571/137 497/537/121
f 529/570/153 530/590/511 514/556/497
f 514/556/497 530/590/511 531/572/512
f 515/573/498 531/572/512 532/574/513
f 532/574/513 533/576/514 517/575/500
f 533/576/514 534/577/515 518/559/501
f 534/577/515 535/596/516 519/561/502
f 519/561/502 535/596/516 536/578/517
f 536/578/517 537/599/145 521/579/129
f 537/580/145 538/581/518 522/564/504
f 538/581/518 539/583/519 523/582/505
f 539/583/519 540/603/520 524/565/506
f 524/565/506 540/603/520 541/584/521
f 541/584/521 542/585/522 526/568/508
f 542/585/522 543/587/523 527/586/509
f 543/587/523 544/588/524 528/569/510
f 544/588/524 529/570/153 513/571/137
f 545/589/169 546/591/525 530/590/511
f 546/591/525 547/592/526 531/572/512
f 547/592/526 548/593/527 532/574/513
f 548/593/527 549/594/528 533/576/514
f 549/594/528 550/595/529 534/577/515
f 550/595/529 551/597/530 535/596/516
f 551/597/530 552/598/531 536/578/517
f 552/598/531 553/614/161 537/599/145
f 553/600/161 554/601/532 538/581/518
f 554/601/532 555/616/533 539/583/519
f 539/583/519 555/616/533 556/602/534
f 540/603/520 556/602/534 557/604/535
f 541/584/521 557/604/535 558/605/536
f 558/605/536 559/606/537 543/587/523
f 559/606/537 560/621/538 544/588/524
f 544/588/524 560/621/538 545/589/169
f 545/589/169 561/623/185 562/607/539
f 562/607/539 563/608/540 547/592/526
f 563/608/540 564/609/541 548/593/527
f 564/609/541 565/610/542 549/594/528
f 565/610/542 566/611/543 550/595/529
f 566/611/543 567/612/544 551/597/530
f 567/612/544 568/613/545 552/598/531
f 568/613/545 569/629/177 553/614/161
f 553/600/161 569/631/177 570/615/546
f 570/615/546 571/633/547 555/616/533
f 555/616/533 571/633/547 572/617/548
f 572/617/548 573/618/549 557/604/535
f 573/618/549 574/619/550 558/605/536
f 574/619/550 575/638/551 559/606/537
f 559/606/537 575/638/551 576/620/552
f 576/620/552 561/623/185 545/589/169
f 577/622/201 578/624/553 562/607/539
f 578/624/553 579/643/554 563/608/540
f 563/608/540 579/643/554 580/625/555
f 580/625/555 581/645/556 565/610/542
f 565/610/542 581/645/556 582/626/557
f 566/611/543 582/626/557 583/627/558
f 583/627/558 584/648/559 568/613/545
f 568/613/545 584/648/559 585/628/193
f 585/630/193 586/632/560 570/615/546
f 586/632/560 587/634/561 571/633/547
f 587/634/561 588/635/562 572/617/548
f 588/635/562 589/636/563 573/618/549
f 589/636/563 590/637/564 574/619/550
f 590/637/564 591/639/565 575/638/551
f 591/639/565 592/640/566 576/620/552
f 592/640/566 577/622/201 561/623/185
f 593/641/217 594/658/567 578/624/553
f 578/624/553 594/658/567 595/642/568
f 595/642/568 596/660/569 580/625/555
f 580/625/555 596/660/569 597/644/570
f 581/645/556 597/644/570 598/646/571
f 582/626/557 598/646/571 599/647/572
f 599/647/572 600/649/573 584/648/559
f 600/649/573 601/665/209 585/628/193
f 585/630/193 601/667/209 602/650/574
f 602/650/574 603/651/575 587/634/561
f 603/651/575 604/652/576 588/635/562
f 604/652/576 605/653/577 589/636/563
f 605/653/577 606/654/578 590/637/564
f 606/654/578 607/655/579 591/639/565
f 607/655/579 608/656/580 592/640/566
f 608/656/580 593/641/217 577/622/201
f 593/641/217 609/674/233 610/657/581
f 610/657/581 611/659/582 595/642/568
f 611/659/582 612/661/583 596/660/569
f 612/661/583 613/662/584 597/644/570
f 613/662/584 614/679/585 598/646/571
f 598/646/571 614/679/585 615/663/586
f 615/663/586 616/664/587 600/649/573
f 616/664/587 617/682/225 601/665/209
f 617/666/225 618/668/588 602/650/574
f 618/668/588 619/669/589 603/651/575
f 619/669/589 620/670/590 604/652/576
f 620/670/590 621/687/591 605/653/577
f 605/653/577 621/687/591 622/671/592
f 622/671/592 623/672/593 607/655/579
f 623/672/593 624/673/594 608/656/580
f 624/673/594 609/674/233 593/641/217
f 609/674/233 625/692/249 626/675/595
f 626/675/595 627/676/596 611/659/582
f 627/676/596 628/695/597 612/661/583
f 612/661/583 628/695/597 629/677/598
f 613/662/584 629/677/598 630/678/599
f 630/678/599 631/680/600 615/663/586
f 631/680/600 632/681/601 616/664/587
f 632/681/601 633/699/241 617/682/225
f 633/683/241 634/684/602 618/668/588
f 634/684/602 635/685/603 619/669/589
f 635/685/603 636/686/604 620/670/590
f 636/686/604 637/688/605 621/687/591
f 637/688/605 638/689/606 622/671/592
f 638/689/606 639/690/607 623/672/593
f 639/690/607 640/691/608 624/673/594
f 640/691/608 625/692/249 609/674/233
f 625/692/249 641/708/265 642/693/609
f 642/693/609 643/710/610 627/676/596
f 627/676/596 643/710/610 644/694/611
f 644/694/611 645/696/612 629/677/598
f 645/696/612 646/713/613 630/678/599
f 630/678/599 646/713/613 647/697/614
f 647/697/614 648/698/615 632/681/601
f 648/698/615 649/717/257 633/699/241
f 633/683/241 649/719/257 650/700/616
f 650/700/616 651/701/617 635/685/603
f 651/701/617 652/702/618 636/686/604
f 652/702/618 653/703/619 637/688/605
f 653/703/619 654/704/620 638/689/606
f 654/704/620 655/705/621 639/690/607
f 655/705/621 656/706/622 640/691/608
f 656/706/622 641/708/265 625/692/249
f 657/707/281 658/709/623 642/693/609
f 658/709/623 659/726/624 643/710/610
f 643/710/610 659/726/624 660/711/625
f 660/711/625 661/712/626 645/696/612
f 661/712/626 662/714/627 646/713/613
f 662/714/627 663/715/628 647/697/614
f 663/715/628 664/716/629 648/698/615
f 664/716/629 665/733/273 649/717/257
f 665/718/273 666/735/630 650/700/616
f 650/700/616 666/735/630 667/720/631
f 651/701/617 667/720/631 668/721/632
f 652/702/618 668/721/632 669/722/633
f 653/703/619 669/722/633 670/723/634
f 670/723/634 671/741/635 655/705/621
f 655/705/621 671/741/635 672/724/636
f 672/724/636 657/707/281 641/708/265
f 657/707/281 673/745/297 674/725/637
f 674/725/637 675/747/638 659/726/624
f 659/726/624 675/747/638 676/727/639
f 660/711/625 676/727/639 677/728/640
f 661/712/626 677/728/640 678/729/641
f 662/714/627 678/729/641 679/730/642
f 663/715/628 679/730/642 680/731/643
f 664/716/629 680/731/643 681/732/289
f 681/734/289 682/736/644 666/735/630
f 682/736/644 683/737/645 667/720/631
f 683/737/645 684/738/646 668/721/632
f 684/738/646 685/739/647 669/722/633
f 685/739/647 686/740/648 670/723/634
f 686/740/648 687/742/649 671/741/635
f 687/742/649 688/743/650 672/724/636
f 688/743/650 673/745/297 657/707/281
f 689/744/313 690/760/651 674/725/637
f 674/725/637 690/760/651 691/746/652
f 691/746/652 692/748/653 676/727/639
f 692/748/653 693/749/654 677/728/640
f 693/749/654 694/750/655 678/729/641
f 694/750/655 695/765/656 679/730/642
f 679/730/642 695/765/656 696/751/657
f 696/751/657 697/767/305 681/732/289
f 697/752/305 698/753/658 682/736/644
f 698/753/658 699/754/659 683/737/645
f 699/754/659 700/755/660 684/738/646
f 700/755/660 701/771/661 685/739/647
f 685/739/647 701/771/661 702/756/662
f 686/740/648 702/756/662 703/757/663
f 703/757/663 704/758/664 688/743/650
f 704/758/664 689/744/313 673/745/297
f 705/759/329 706/775/665 690/760/651
f 690/760/651 706/775/665 707/761/666
f 707/761/666 708/762/667 692/748/653
f 708/762/667 709/763/668 693/749/654
f 709/763/668 710/780/669 694/750/655
f 694/750/655 710/780/669 711/764/670
f 711/764/670 712/766/671 696/751/657
f 712/766/671 713/783/321 697/767/305
f 697/752/305 713/784/321 714/768/672
f 698/753/658 714/768/672 715/769/673
f 715/769/673 716/787/674 700/755/660
f 700/755/660 716/787/674 717/770/675
f 701/771/661 717/770/675 718/772/676
f 702/756/662 718/772/676 719/773/677
f 719/773/677 720/792/678 704/758/664
f 704/758/664 720/792/678 705/759/329
f 721/774/345 722/794/679 706/775/665
f 706/775/665 722/794/679 723/776/680
f 707/761/666 723/776/680 724/777/681
f 708/762/667 724/777/681 725/778/682
f 709/763/668 725/778/682 726/779/683
f 726/779/683 727/781/684 711/764/670
f 727/781/684 728/782/685 712/766/671
f 728/782/685 729/802/337 713/783/321
f 713/784/321 729/803/337 730/785/686
f 714/768/672 730/785/686 731/786/687
f 731/786/687 732/788/688 716/787/674
f 732/788/688 733/789/689 717/770/675
f 733/789/689 734/790/690 718/772/676
f 734/790/690 735/791/691 719/773/677
f 735/791/691 736/810/692 720/792/678
f 720/792/678 736/810/692 721/774/345
f 737/793/361 738/795/693 722/794/679
f 738/795/693 739/796/694 723/776/680
f 739/796/694 740/797/695 724/777/681
f 740/797/695 741/798/696 725/778/682
f 741/798/696 742/799/697 726/779/683
f 742/799/697 743/800/698 727/781/684
f 743/800/698 744/801/699 728/782/685
f 744/801/699 745/817/353 729/802/337
f 729/803/337 745/819/353 746/804/700
f 730/785/686 746/804/700 747/805/701
f 731/786/687 747/805/701 748/806/702
f 732/788/688 748/806/702 749/807/703
f 733/789/689 749/807/703 750/808/704
f 750/808/704 751/825/705 735/791/691
f 735/791/691 751/825/705 752/809/706
f 736/810/692 752/809/706 737/793/361
f 737/793/361 753/828/377 754/811/707
f 754/811/707 755/812/708 739/796/694
f 755/812/708 756/829/709 740/797/695
f 740/797/695 756/829/709 757/813/710
f 741/798/696 757/813/710 758/814/711
f 742/799/697 758/814/711 759/815/712
f 743/800/698 759/815/712 760/816/713
f 760/816/713 761/830/369 745/817/353
f 761/818/369 762/820/714 746/804/700
f 762/820/714 763/821/715 747/805/701
f 763/821/715 764/822/716 748/806/702
f 764/822/716 765/823/717 749/807/703
f 765/823/717 766/824/718 750/808/704
f 766/824/718 767/826/719 751/825/705
f 767/826/719 768/827/720 752/809/706
f 768/827/720 753/828/377 737/793/361
f 1/3/1 2/2/2 754/811/707
f 2/2/2 3/5/3 755/812/708
f 3/5/3 4/6/4 756/829/709
f 4/6/4 5/8/5 757/813/710
f 5/8/5 6/10/6 758/814/711
f 6/10/6 7/12/7 759/815/712
f 7/12/7 8/13/8 760/816/713
f 8/13/8 9/15/9 761/830/369
f 9/18/9 10/17/10 762/820/714
f 10/17/10 11/20/11 763/821/715
f 763/821/715 11/20/11 12/22/12
f 764/822/716 12/22/12 13/24/13
f 765/823/717 13/24/13 14/26/14
f 14/26/14 15/28/15 767/826/719
f 767/826/719 15/28/15 16/30/16
f 16/30/16 1/3/1 753/828/377
